username;date;retweets;favorites;text;geo;mentions;hashtags;id;permalink
;2019/10/14 14:15;183;109;"La #prensa fue blanco de ataques durante 11 días de protesta. #Fundamedios levantó el último balance de agresiones a los periodistas y medios ecuatorianos hasta el 14 de octubre. Conozca cuántos trabajadores de prensa fueron agredidos mientras cubrían el #ParoNacionalEcuador pic.twitter.com/kZHVNGjwnh";;;#prensa #Fundamedios #ParoNacionalEcuador;"1183823608952623105";https://twitter.com/FUNDAMEDIOS/status/1183823608952623105
;2019/10/13 21:43;84;133;"#ATENCIÓN ESTA NOCHE | Terminada la reunión " #DialogoXLaPaz", transmitiremos #PalabraSueltaxKolectiVOZ. Analizaremos al #EcuadorEnCrisis y además tendremos dos testimonios vivenciales de la brutal represión policial durante las jornadas del #ParoNacionalEcuador. #EcuadorSOSpic.twitter.com/pIDuJvVrAk";;;#ATENCI #DialogoXLaPaz #PalabraSueltaxKolectiVOZ #EcuadorEnCrisis #ParoNacionalEcuador #EcuadorSOSpic;"1183574115611021312";https://twitter.com/kolectiVOZ/status/1183574115611021312
;2019/10/13 20:11;47;111;"Aquellos que nos acusaron de vagos, zánganos, violentos, vándalos y demás denigrantes ESPERAMOS SUS DISCULPAS PUBLICAS! Somos gente preparada, inteligente, trabajadora y sobretodo de comunidad que lucha por el bienestar común! #SomosCONAIE #ElParoNoPara #ParoNacionalEcuador";;;#SomosCONAIE #ElParoNoPara #ParoNacionalEcuador;"1183550884921446400";https://twitter.com/KatikMacas/status/1183550884921446400
;2019/10/13 17:30;66;66;"#LoQueNoVeranEnLaPrensa #ParoNacionalEcuador Ya mismo salen los periodistas “libres e independientes” a decir que, “es marcha por La Paz”. https://twitter.com/ximealito/status/1183506547093180416 …";;;#LoQueNoVeranEnLaPrensa #ParoNacionalEcuador;"1183510235991945218";https://twitter.com/IsmaelUlloa11/status/1183510235991945218
;2019/10/13 17:25;207;176;"#Urgente #ATENCION 16h50 Se reactivan manifestaciones en Loja, se pide derogatoria de Decreto 883 #ParoNacionalEcuador #EcuadorEnResistencia #LoQueNoVeranEnLaPrensahttps://twitter.com/ximealito/status/1183506547093180416 …";;;#Urgente #ATENCION #ParoNacionalEcuador #EcuadorEnResistencia #LoQueNoVeranEnLaPrensahttps;"1183509091752271872";https://twitter.com/ecuainm_oficial/status/1183509091752271872
;2019/10/13 17:19;73;49;"#ULTIMOMOMENTO #Ecuador #EcuadorEnResistencia Reos se toman cárcel en el Cantón Cañar. Podemos decir que todo el mundo está sumado al #ParoNacionalEcuador VAMOS HACERLO VIRAL @AnonsWorldwide @YourMarkLubbers @RayJoha2 @FloryCantoX @Ruptlypic.twitter.com/8zQwRYOUPY";;@AnonsWorldwide @YourMarkLubbers @RayJoha2 @FloryCantoX @Ruptlypic;#ULTIMOMOMENTO #Ecuador #EcuadorEnResistencia #ParoNacionalEcuador;"1183507600878555141";https://twitter.com/ChalecosAmarill/status/1183507600878555141
;2019/10/13 17:15;106;96;"#Ahora | Cacerolazo en Loja Un grupo de ciudadanos recorren las calles de Loja, con cacerolas, en contra de las #MedidasEconómicas #ParoNacionalEcuador #SOSEcuadorpic.twitter.com/leQz9WZU2V";;;#Ahora #MedidasEcon #ParoNacionalEcuador #SOSEcuadorpic;"1183506547093180416";https://twitter.com/ximealito/status/1183506547093180416
;2019/10/13 17:14;228;238;"Pese al Estado de Excepción, pobladores en el sector de Puembo, oriente de Quito, bloquean y retienen a vehículos militares. #ParoNacionalEcuador pic.twitter.com/NuBZyw9xoi";;;#ParoNacionalEcuador;"1183506409687863299";https://twitter.com/relicheandres/status/1183506409687863299
;2019/10/13 16:57;312;242;"Anunciamos a la ciudadanía que el diálogo entre el gobierno y los pueblos indígenas no puede ser transmitido por órden de las FF.AA. Podremos obtener información en la rueda de prensa. Los mantendremos informados. #ParoNacionalEcuador #DialogarEsElCaminoEC #EcuadorEnResistenciapic.twitter.com/aDYWrON7Si";;;#ParoNacionalEcuador #DialogarEsElCaminoEC #EcuadorEnResistenciapic;"1183502092587147268";https://twitter.com/radiolacalle/status/1183502092587147268
;2019/10/13 16:17;65;62;"Asi luce la vía de ingreso hacia el sector de la Mitad del Mundo, al noroccidente de Quito. Cientos de pobladores mantienen bloqueados los acceso a la zona turística, donde está asentada la parroquia San Antonio de Pichincha. #ParoNacionalEcuador pic.twitter.com/NSFZ5877ka";;;#ParoNacionalEcuador;"1183491984041922560";https://twitter.com/relicheandres/status/1183491984041922560
;2019/10/13 15:08;92;83;"Es este momento, voluntarios médicos reportan nuevos actos de violencia en El Arbolito. #ParoNacionalEcuador pic.twitter.com/18SUHtteKS";;;#ParoNacionalEcuador;"1183474653588787200";https://twitter.com/LoloMino/status/1183474653588787200
;2019/10/13 14:20;1345;2099;"Hoy estuvimos más de 300 personas reunidas en #París para expresarle nuestra solidaridad al pueblo pacíficamente movilizado en #Ecuador y denunciar al mundo la injustificada violencia con que el gobierno de @Lenin Moreno ha respondido. #ParoNacionalEcuador ¡Estamos con ustedes! pic.twitter.com/xTagMHzmJB";;@Lenin;#Par #Ecuador #ParoNacionalEcuador;"1183462573246763011";https://twitter.com/AndresChiriEC/status/1183462573246763011
;2019/10/13 14:18;163;213;"#LoQueNoVeranEnLaPrensa #ParoNacionalEcuador Hoy, 3pm hora de Londres-Reino Unido: “Londres está contigo mi Ecuador del alma.” Vía Alegito Vito Pérez. pic.twitter.com/UNEQxmFoa9";;;#LoQueNoVeranEnLaPrensa #ParoNacionalEcuador;"1183461989143724034";https://twitter.com/IsmaelUlloa11/status/1183461989143724034
;2019/10/13 11:03;49;94;"Todo el apoyo a quienes protestan sin descanso en Ecuador contra la subida del CIENTO VEINTITRÉS POR CIENTO en el precio de los combustibles. ¡¡¡123%!!! #Quito #SOSEcuador #ParoNacionalEC #ParoNacionalEcuador #Pichinchapic.twitter.com/RayyvqvMAO";;;#Quito #SOSEcuador #ParoNacionalEC #ParoNacionalEcuador #Pichinchapic;"1183412845477797888";https://twitter.com/Juanmi_News/status/1183412845477797888
;2019/10/13 07:26;722;1141;"#USalesianaQuito | Fiesta popular, alegría y convicción. Estas son las características de los manifestantes del #ParoNacionalEcuador. pic.twitter.com/zUT2IhQ5Pd";;;#USalesianaQuito #ParoNacionalEcuador;"1183358386789859329";https://twitter.com/Voces_Ecu/status/1183358386789859329
;2019/10/12 23:02;84;117;""Mi solidaridad al pueblo ecuatoriano víctima del FMI. (…) Sigan peleando por el País. Lamentablemente se encontraron con un traidor que ha vendido la Patria.” dice el tuit, acompañado con los hashtags. #ElParoSigue #ParoNacionalEcuador. https://www.jornada.com.mx/ultimas/mundo/2019/10/07/jose-mujica-considera-a-lenin-moreno-como-un-201ctraidor201d-7779.html …";;;#ElParoSigue #ParoNacionalEcuador;"1183231451141169152";https://twitter.com/_FranRob/status/1183231451141169152
;2019/10/12 22:23;37;37;"[EN VIVO] 22:30Hrs. #Wambra presenta su informe del #ParoNacionalEcuador, síguelo a través de redes sociales y plataforma digital. Radio http://wambra.ec/radio  Facebook http://facebook.com/WambraEC/  Twitter https://twitter.com/wambraEc  Información, análisis, contexto.pic.twitter.com/i4Dt6OK6gP";;;#Wambra #ParoNacionalEcuador;"1183221737447665664";https://twitter.com/wambraEc/status/1183221737447665664
;2019/10/12 20:50;107;164;"¿Qué piden los vecinos al salir con sus cacerolas? PAZ Esto es muy emotivo. Hay familias enteras pidiendo que cese la violencia. #Cacerolazo #ParoNacionalEcuador pic.twitter.com/t1pEFOq7CV";;;#Cacerolazo #ParoNacionalEcuador;"1183198221583212544";https://twitter.com/vanesilva00/status/1183198221583212544
;2019/10/12 18:16;130;120;"Como se llama a estas declaraciones? PATRIÓTICAS O GENOCIDAS #ElParoSigue #EcuadorEnCrisis #ParoNacionalEcuador @CIDH @RELE_CIDH @OEA_oficial @Almagro_OEA2015 @ONU_es @ONUecuador @CorteIDH @FiscaliaEcuador @MashiRafael @AsambleaEcuador @CorteConstEcu @amnistiapic.twitter.com/X1N53zB9VL";;@CIDH @RELE_CIDH @OEA_oficial @Almagro_OEA2015 @ONU_es @ONUecuador @CorteIDH @FiscaliaEcuador @MashiRafael @AsambleaEcuador @CorteConstEcu @amnistiapic;#ElParoSigue #EcuadorEnCrisis #ParoNacionalEcuador;"1183159416335544320";https://twitter.com/wgomezr/status/1183159416335544320
;2019/10/12 15:41;255;319;"#ATENCIÓN | Protestantes atacan las instalaciones de @teleamazonasec . #ParoNacionalEcuador pic.twitter.com/DDw5lqG3Xp";;@teleamazonasec;#ATENCI #ParoNacionalEcuador;"1183120643006652416";https://twitter.com/pichinchauniver/status/1183120643006652416
;2019/10/14 08:24;29;35;"Miembros de la FF.AA están removiendo los vehículos que fueron afectados el 13/10/2019 en la Autopista General Rumiñahui en medio de las protestas. #ParoNacionalEcuador #EcuadorPaisDePaz #Quitopic.twitter.com/GYDQf7Vny7";;;#ParoNacionalEcuador #EcuadorPaisDePaz #Quitopic;"1183735269209657345";https://twitter.com/JohannaYautibug/status/1183735269209657345
;2019/10/14 06:30;20;34;"El poder del movimiento indígena es impresionante, escribe Rosa Cañete Alonso de @oxfam_es desde el #ParoNacionalEcuador "Es capaz de inclinar cambios políticos que desequilibren la balanza de las elites." Su nota; http://bit.ly/2MeRkFz  #EcuadorSeLevantapic.twitter.com/dMkzyMMDr8";;@oxfam_es;#ParoNacionalEcuador #EcuadorSeLevantapic;"1183706516596985856";https://twitter.com/revistaanfibia/status/1183706516596985856
;2019/10/13 23:44;25;19;"Moreno nos quiere ver la cara. #URGENTE #ÚLTIMOMINUTO #EcuadorEnResistencia #EcuadorSOS #ParoNacionalEcuador #DebatePresidencial #DialogoXLaPaz #derogatoria833pic.twitter.com/Dmv82zFExB";;;#URGENTE # #EcuadorEnResistencia #EcuadorSOS #ParoNacionalEcuador #DebatePresidencial #DialogoXLaPaz #derogatoria833pic;"1183604525002887168";https://twitter.com/AdriRiveraPena/status/1183604525002887168
;2019/10/13 21:53;37;47;"#ATENCIÓN | Indígenas triunfan en el #DialogoXLaPaz Después de varias horas de deliberación entre el sector indígena y el Gobierno, el Presidente Lenin Moreno, retrocede en las medidas económicas y deroga el #Decreto883 anuncian que levantan el #ParoNacionalEcuador. #EcuadorSOSpic.twitter.com/xIi1H7xlGI";;;#ATENCI #DialogoXLaPaz #Decreto883 #ParoNacionalEcuador #EcuadorSOSpic;"1183576448193499137";https://twitter.com/ximealito/status/1183576448193499137
;2019/10/13 20:39;23;19;"#DialogoXLaPaz donde esta la ministra asesina donde esta el ministro asesino de defensa donde esta el vicepresidente traidor a la patria, solo este payaso y el resto del circo....????? SRS INDIGENAS UD SON PUEBLO CARAJO Y MAS PREPARADOS QUE ESTOS PAYASOS #ParoNacionalEcuador pic.twitter.com/dJjRU0KcBK";;;#DialogoXLaPaz #ParoNacionalEcuador;"1183557834019131396";https://twitter.com/santy2k/status/1183557834019131396
;2019/10/13 20:37;30;46;"Les llamaron “indios ignorantes” y demostraron ser más profesionales que el propio presidente y su cartera. En cambio Moreno con su trauma, aún no puede olvidar a @MashiRafael #ParoNacionalEcuador #DiálogoPorLaPaz #Derogatoria883pic.twitter.com/0XtYslX57M";;@MashiRafael;#ParoNacionalEcuador #Di #Derogatoria883pic;"1183557339066048512";https://twitter.com/DavidAndres27/status/1183557339066048512
;2019/10/13 18:07;17;17;"ATENCIÓN: Jaime Vargas, presidente de la CONAIE. señala su indignación por lo que ha pasado y señala que el presidente no tiene un equipo de ministros que construya un Estado Plurinacional. #ParoNacional #ParoNacionalEcuador";;;#ParoNacional #ParoNacionalEcuador;"1183519782588555264";https://twitter.com/corapesatelital/status/1183519782588555264
;2019/10/13 17:48;8;30;"El paro nacional a provocado en mi ansiedad, angustia y desesperación. Que se ve afectado en mi parte emocional y física. Me siento agotada, desesperada, asustada. Tengan la amabilidad de parar esto por favorcito. #ParoNacionalEcuador";;;#ParoNacionalEcuador;"1183514818038452224";https://twitter.com/WaBbYmE/status/1183514818038452224
;2019/10/13 17:11;16;24;"#ATENCIÓN #Loja #Cacerolazo q inicio en el barrio Tebaida sur de #Loja se dirige a la plaza de San Sebastián #ParoNacionalEcuador #ParoNacionalpic.twitter.com/Egb9QkmnnK";;;#ATENCI #Loja #Cacerolazo #Loja #ParoNacionalEcuador #ParoNacionalpic;"1183505611989889024";https://twitter.com/plustv25/status/1183505611989889024
;2019/10/13 15:28;37;38;"#EcuadorSOS #ParoNacionalEcuador Imágenes muestran una fuerte represión por militares @FFAAECUADOR contra manifestaciones que se registran al sur de #Quito.pic.twitter.com/fvz51oekHx";;@FFAAECUADOR;#EcuadorSOS #ParoNacionalEcuador #Quito;"1183479546437341184";https://twitter.com/enlace_ecuador/status/1183479546437341184
;2019/10/13 15:02;53;32;"Empezó otra vez los enfrentamientos #ParoNacional #ParoNacionalEcuador #ParoNacionaleEC #EcuadorEnResistenciahttps://www.pscp.tv/w/cHN5wXR3LTExNTI0OTQ0MXwxZ3F4dmdNWmR3aktC_rfRtAa5FhCLIFhF-7s9DzUqV0F5ZeSsafWckitQ3KQ=?t=53m2s …";;;#ParoNacional #ParoNacionalEcuador #ParoNacionaleEC #EcuadorEnResistenciahttps;"1183473007622348801";https://twitter.com/otzo_infinity/status/1183473007622348801
;2019/10/13 14:32;33;26;"Así se oyen las bombas en El Arbolito en las vísperas del diálogo con Moreno. #EcuadorEnCrisis #EcuadorEnResistencia #ParoNacionaleEC #ParoNacionalEcuador pic.twitter.com/b5UEhUJkHV";;;#EcuadorEnCrisis #EcuadorEnResistencia #ParoNacionaleEC #ParoNacionalEcuador;"1183465667024044034";https://twitter.com/BetoSebas7/status/1183465667024044034
;2019/10/13 10:19;67;59;"Esta es la gente que luego sale a las marchas por la paz. Violenta, racista y envalentonada. Un asco, una vergüenza. #ParoNacionalEcuador https://twitter.com/lacasadlpapelec/status/1183296457719238658 …";;;#ParoNacionalEcuador;"1183401895236423680";https://twitter.com/MaiadelC/status/1183401895236423680
;2019/10/13 04:26;28;23;"[Ecuador] Tras las medidas econónicas del actual gobierno, el pueblo con el apoyo de los indigenas se lanza la calle. Llevan de huelga desde el dia 2 de octubre Nos llegan estos videos.... Están matando a la gente. Compartid! #ParoNacionalEcuador pic.twitter.com/OvftHSbo0m";;;#ParoNacionalEcuador;"1183312940264497152";https://twitter.com/pR087/status/1183312940264497152
;2019/10/12 22:45;39;26;"#Importante Conoce qué implica el #ToqueDeQueda y cuáles son tus derechos #ParoNacionalEcuador @mariapaularomo @HaranValer @Lenin @SurkunaEc @susanamorgpic.twitter.com/K9aEIlcY0H";;@mariapaularomo @HaranValer @Lenin @SurkunaEc @susanamorgpic;#Importante #ToqueDeQueda #ParoNacionalEcuador;"1183227171701215232";https://twitter.com/inredh1/status/1183227171701215232
;2019/10/12 22:42;80;87;"[EN VIVO] informe del #ParoNacionalEcuador, síguelo a través de redes sociales y plataforma digital. https://www.pscp.tv/w/cHKUijExMzE4NDM2fDFZcUpEblZtQlZ2S1bmKQzRhCZjyUtbzpinjGdbbsKr5iybMNO6l3YQYIMHVg== …";;;#ParoNacionalEcuador;"1183226360711376897";https://twitter.com/wambraEc/status/1183226360711376897
;2019/10/12 18:48;26;42;"Abrazo, hermanos. #ParoNacionalEcuador #EcuadorPaísDePaz #EcuadorEnLuto #FuerzaEcuador";;;#ParoNacionalEcuador #EcuadorPa #EcuadorEnLuto #FuerzaEcuador;"1183167554677805056";https://twitter.com/radiolacalle/status/1183167554677805056
;2019/10/12 18:34;21;20;"Desde Guayaquil "Quito aguanta el pueblo se levanta" #ParoNacionalEcuador #MasacreEnQuitohttps://twitter.com/consuemary/status/1183152522816565248 …";;;#ParoNacionalEcuador #MasacreEnQuitohttps;"1183163990270271488";https://twitter.com/MaiadelC/status/1183163990270271488
;2019/10/12 17:51;47;61;"¿Un toque de queda total indefinido en toda la ciudad capital, sirve como grave conmoción interna? , ¿o no todavía? Es para un deber #ParoNacional #ParoNacionalEcuador #EcuadorEnCrisis";;;#ParoNacional #ParoNacionalEcuador #EcuadorEnCrisis;"1183153333646835716";https://twitter.com/sucocastillo/status/1183153333646835716
;2019/10/12 17:31;17;17;"#URGENTE Leonidas Iza, presidente del Movimiento Indígena de Cotopaxi, el diálogo será con movilización nacional y exigen que el debate sea público, con la presencia de organismos neutrales y que sea transmitido en vivo. #ParoNacionalEcuador #MovilizaciónIndígena #ToqueDeQueda";;;#URGENTE #ParoNacionalEcuador #Movilizaci #ToqueDeQueda;"1183148155690463234";https://twitter.com/alerprensa/status/1183148155690463234
;2019/10/12 17:05;934;1004;"Le hago un llamado a @Lenin para que renuncie y así pare el genocidio #ParoNacionalEcuador pic.twitter.com/zhhvm6VL7A";;@Lenin;#ParoNacionalEcuador;"1183141617278111744";https://twitter.com/pierrealee/status/1183141617278111744
;2019/10/12 15:53;74;67;"Guayaquil se moviliza #ParoNacionalEcuador #URGENTE #FueraLeninMorenopic.twitter.com/LgUHqV4Sol";;;#ParoNacionalEcuador #URGENTE #FueraLeninMorenopic;"1183123542369587206";https://twitter.com/luis10m/status/1183123542369587206
;2019/10/12 15:05;72;70;"Un Moreno descompuesto, agitado, enervado y enclaustrado lanza desde su búnker, la orden para asesinar al pueblo. No hay garantías democráticas, no hay estado de derecho, no hay gobierno. #ParoNacionalEcuador";;;#ParoNacionalEcuador;"1183111370151088128";https://twitter.com/mateoizquierd0/status/1183111370151088128
;2019/10/12 14:55;28;33;"Catálisis Revista Digital es un medio de divulgación científica. Sin embargo, como medio de comunicación, no podemos dejar de pronunciarnos ante la situación actual del país #EcuadorPaisDePaz #ParoNacionalEcuador pic.twitter.com/kqpVdJcPdV";;;#EcuadorPaisDePaz #ParoNacionalEcuador;"1183108834119815169";https://twitter.com/CatalisisEc/status/1183108834119815169
;2019/10/12 14:50;99;132;"#ATENCIÓN | La @EmAseoQuito informa que camiones recolectores de su flota han sido retenidos por protestantes para movilizarse y cerrar vías. #ParoNacionalEcuador pic.twitter.com/FIc9nDAS0D";;@EmAseoQuito;#ATENCI #ParoNacionalEcuador;"1183107811007442951";https://twitter.com/pichinchauniver/status/1183107811007442951
;2019/10/12 14:40;1110;1206;"Esto es el triple de la marcha de #Nebot y ninguno es pelucon o funcionario público pasando lista. Los medios no dicen nada de esto. #FueraLeninFuera #ParoNacionalEcuador pic.twitter.com/rLCd39IUWp";;;#Nebot #FueraLeninFuera #ParoNacionalEcuador;"1183105183712239616";https://twitter.com/LEXKANDER/status/1183105183712239616
;2019/10/12 14:08;1345;1711;""Y va a caer, y va a caer, el asesino va a caer" Imágenes desde el sur de Quito. Cada vez más gente se une a las movilizaciones. #ElParoNoPara, los ciudadanos indígenas no están solos y Quito va más allá de la tribuna de los Shyris. #ParoNacionalEcuador pic.twitter.com/CxpWcjcXVq";;;#ElParoNoPara #ParoNacionalEcuador;"1183097060708491264";https://twitter.com/MaiadelC/status/1183097060708491264
;2019/10/12 13:58;120;132;"#ATENCIÓN | Se registran cierres en la @AutopistaGR en este décimo día de #ParoNacionalEcuador pic.twitter.com/YD2LE1UWRb";;@AutopistaGR;#ATENCI #ParoNacionalEcuador;"1183094527004987392";https://twitter.com/pichinchauniver/status/1183094527004987392
;2019/10/12 13:09;79;65;"Con carteles, banderas y cacerolas la marcha avanza por la Av. 6 de Diciembre. Piden la derrogación del Decreto 883 y la salida del FMI #ParoNacionalEcuador pic.twitter.com/0BiVbpbICE";;;#ParoNacionalEcuador;"1183082236100390912";https://twitter.com/inredh1/status/1183082236100390912
;2019/10/12 12:07;295;306;"[AHORA] Continúa movilización de Mujeres de los Pueblos por el norte de #Quito, estos son sus pedidos. - No medidas del FMI en el país. - No al Decreto 883. - No más muertes de manifestantes. #ParoNacionalEcuador pic.twitter.com/1THhC7nv0v";;;#Quito #ParoNacionalEcuador;"1183066705494450178";https://twitter.com/wambraEc/status/1183066705494450178
;2019/10/12 10:44;544;659;"[AHORA]Mujeres de los pueblos, encabezadas por @MujeresCONAIE, colectivas feministas, salen del Parque el Arbolito en una marcha pacífica de mujeres hacia el norte de #Quito Respaldan el #ParoNacionalEcuador y exigen "alto al paquetazo de Lenin Moreno y el FMI" pic.twitter.com/6fUYSzPwJf";;@MujeresCONAIE;#Quito #ParoNacionalEcuador;"1183045727519461376";https://twitter.com/wambraEc/status/1183045727519461376
;2019/10/12 10:37;83;73;"#ÚLTIMAHORA en medio de cánticos, mujeres #indígenas y varios colectivos inician su movilización #ParoNacionalEcuador https://twitter.com/EspaciadoraBar/status/1183041154574639106 …";;;# #ind #ParoNacionalEcuador;"1183043954767474689";https://twitter.com/ecuainm_oficial/status/1183043954767474689
;2019/10/12 00:22;84;109;"Las generaciones que están viviendo el #ParoNacionalEcuador y la #CrisisEnEcuador pusieron a prueba su empatía, solidaridad y organización en el terremoto de 2016. Nadie en el gabinete de . @Lenin lo entiendehttps://twitter.com/richardpr8/status/1182766494289190912 …";;@Lenin;#ParoNacionalEcuador #CrisisEnEcuador;"1182889280676532225";https://twitter.com/DeMenteUIO/status/1182889280676532225
;2019/10/11 22:10;135;74;"#MasacreEnQuito @ActualidadRT @pichinchauniver @teleSURtv @CNNEE @PoliciaEcuador #MuerteCruzada #ParoNacionalEcuador Dios ayuda nos están masacrando. #SOSEcuadorpic.twitter.com/osVGbgoem4";;@ActualidadRT @pichinchauniver @teleSURtv @CNNEE @PoliciaEcuador;#MasacreEnQuito #MuerteCruzada #ParoNacionalEcuador #SOSEcuadorpic;"1182856146480226304";https://twitter.com/db1269e8ba8b404/status/1182856146480226304
;2019/10/11 21:41;52;39;"Ecuador esta viviendo momentos difíciles que no se los había vivido en años, la represión y agresión entre hermanos está llegando a límites donde incluso la comunidad internacional está pidiendo que se pare, pero el gobierno no quiere escuchar al pueblo #ParoNacionalEcuador pic.twitter.com/sVqDfWJzZE";;;#ParoNacionalEcuador;"1182848746763227136";https://twitter.com/RCMEsmeraldas/status/1182848746763227136
;2019/10/11 19:42;33;25;"ALERTA DE FALSOS POSITIVOS |La información difundida por la Ministra del Interior en sus redes sociales, sobre las 19 personas detenidas irregularmente el día de ayer, ha sido contradicha con lo resuelto por la Unidad Judicial de Flagrancia #ParoNacionalEcuador infórmate pic.twitter.com/GcWicILBjl";;;#ParoNacionalEcuador;"1182818682310926337";https://twitter.com/SurkunaEc/status/1182818682310926337
;2019/10/11 16:05;89;78;"#URGENTE #ActualidadEnCrisis #Ahoraaa En estos momentos, los #Colectivos se concentran a las afueras de la #AsambleaNacional del Ecuador. Exigen poder celebrar una #AsambleaPopular en las instalaciones legislativas. #ParoNacionalEC #ParoNacionalEcuador #ResistenciaPopularpic.twitter.com/04m9GKMxb1";;;#URGENTE #ActualidadEnCrisis #Ahoraaa #Colectivos #AsambleaNacional #AsambleaPopular #ParoNacionalEC #ParoNacionalEcuador #ResistenciaPopularpic;"1182764244829212674";https://twitter.com/revistacrisisec/status/1182764244829212674
;2019/10/11 13:00;306;354;"Llega la caballería de amarillo y la gente sigue haciendo llegar sus donaciones #ElParoNoPara #ParoNacionalEcuador pic.twitter.com/cRk1UTcreK";;;#ElParoNoPara #ParoNacionalEcuador;"1182717539681538051";https://twitter.com/MaiadelC/status/1182717539681538051
;2019/10/10 20:29;106;70;"Esto sucedió esta tarde en #Atuntaqui en la provincia de Imbabura. #ParoNacionalEcuador video de @portadaecpic.twitter.com/Id1J4Fv8ZJ";;@portadaecpic;#Atuntaqui #ParoNacionalEcuador;"1182468219782729728";https://twitter.com/radiolacalle/status/1182468219782729728
;2019/10/10 18:43;91;126;"#LoQueNoVeranEnLaPrensa ¡Las Mujeres valientes del PODEROSO Pueblo Indígena! #ParoNacionalEcuador pic.twitter.com/yLQx82iLrx";;;#LoQueNoVeranEnLaPrensa #ParoNacionalEcuador;"1182441524841328640";https://twitter.com/IsmaelUlloa11/status/1182441524841328640
;2019/10/10 18:14;98;120;"Las mujeres lideran la marcha pacífica hacia la Av. 10 de Agosto. Anuncian que la persona que genere inconvenientes será separado de la marcha y se le administrará justicia indígena. #ParoNacionalEcuador pic.twitter.com/QusmwM2WOy";;;#ParoNacionalEcuador;"1182434293840261120";https://twitter.com/inredh1/status/1182434293840261120
;2019/10/10 15:40;41;57;"Soy Roberto Chávez periodista de @wambraEc, durante la mañana he transmitido desde tarima de Ágora de Casa de la Cultura el #ParoNacionalEcuador y NO he sido secuestrado, policías tampoco han sido agredidos. Medios y gobierno buscan colocar a indígenas como violentos y NO ES ASÍ pic.twitter.com/W3QnYJmNS7";;@wambraEc;#ParoNacionalEcuador;"1182395466207694854";https://twitter.com/lamalaactitud/status/1182395466207694854
;2019/10/10 13:53;56;87;"Los líderes y asistentes insisten en que no ha habido diálogo con el gobierno ni habrá. #ParoNacionalEcuador pic.twitter.com/MB1E0Hef2s";;;#ParoNacionalEcuador;"1182368569390223361";https://twitter.com/itsabela/status/1182368569390223361
;2019/10/10 12:50;155;115;"Nos confirman que hay la orden de @caanmichelena, ministro de Telecomunicaciones, de que la señal celular y de internet se minimice pra que no se pueda transmitir lo que ocurre en la Casa de la Cultura, donde están los indígenas concentrados. #ParoNacionalEcuador";;@caanmichelena;#ParoNacionalEcuador;"1182352663637352454";https://twitter.com/radiolacalle/status/1182352663637352454
;2019/10/10 12:28;183;136;"[AHORA] Con calle de honor formado por flores blancas, ingresan al ágora de la @CasadelaCultura los féretros de los indígenas muertos durante la represión en #ParoNacionalEcuador: Inocencio Tucumbi José Chaluisa Ambos del @Micc_Ec #Cotopaxi. Se hará una misa en su honor.pic.twitter.com/akimXTSoEL";;@CasadelaCultura @Micc_Ec;#ParoNacionalEcuador #Cotopaxi;"1182347125432229888";https://twitter.com/wambraEc/status/1182347125432229888
;2019/10/10 12:11;97;107;"Rectores de universidades @EPNEcuador, @PUCE_Ecuador, @lacentralec, @upsalesiana proponen al Estado reorientar subsidios hacia producción campesina indígena, considerando el impacto que tienen las medidas económicas en este sector. #ParoNacionalEcuador Reporta: @periodismojimepic.twitter.com/5SfY2uvMfk";;@EPNEcuador @PUCE_Ecuador @lacentralec @upsalesiana @periodismojimepic;#ParoNacionalEcuador;"1182343029140656138";https://twitter.com/wambraEc/status/1182343029140656138
;2019/10/10 10:08;329;259;"#ATENCIÓN | @CONAIE_Ecuador informó que producto de la represión del Gobierno en contra de los manifestantes, algunos de sus compañeros habrían perdido la vida. En ese grupo estaría el dirigente indígena Inocencio Tucumbi. #ParoNacionalEcuador http://www.pichinchauniversal.com.ec/conaie-anuncia-que-companeros-perdieron-la-vida-durante-el-paro-nacional/ …";;@CONAIE_Ecuador;#ATENCI #ParoNacionalEcuador;"1182311872277729281";https://twitter.com/pichinchauniver/status/1182311872277729281
;2019/10/10 09:50;663;660;"#ATENCIÓN | En este momento integrantes de las comunidades indígenas se reúnen en el ágora de la Casa de la Cultura, en una asamblea para tratar sobre la muerte de varios de sus miembros. #ParoNacionalEcuador pic.twitter.com/AGmXO4SojW";;;#ATENCI #ParoNacionalEcuador;"1182307484612124672";https://twitter.com/pichinchauniver/status/1182307484612124672
;2019/10/10 09:34;239;289;"#ATENCIÓN | Movimientos indígenas marcharan hacia la @AsambleaEcuador con sus principales autoridades al frente. #ParoNacionalEcuador pic.twitter.com/WR7eEsnIvV";;@AsambleaEcuador;#ATENCI #ParoNacionalEcuador;"1182303287858651136";https://twitter.com/pichinchauniver/status/1182303287858651136
;2019/10/10 06:32;47;75;"Triste aprendizaje: Los Ecuatorianos nos odiamos unos a los otros. Mientras sigamos asi seguiremos manipulables y colonizados #EcuadorSOS #ParoNacionalEcuador";;;#EcuadorSOS #ParoNacionalEcuador;"1182257563645218817";https://twitter.com/Dvasquez23cueec/status/1182257563645218817
;2019/10/09 23:41;60;90;"Ahora es cuando, fuera Moreno #SosEcuador #ParoEnEcuador #ParoNacionalEcuador pic.twitter.com/qqJGSgsa68";;;#SosEcuador #ParoEnEcuador #ParoNacionalEcuador;"1182154198647033856";https://twitter.com/KatuArkonada/status/1182154198647033856
;2019/10/09 22:11;62;105;"Mensaje de Hebe de Bonafini: "No abandonen las calles, las plazas, las rutas que son nuestras, defiendan la patria". La marcha de las Madres de Plaza de Mayo de cada jueves, marcha número 2.165, estará dedicada al pueblo ecuatoriano. #SosEcuador #ParoNacionalEcuador pic.twitter.com/1A2tVKylBR";;;#SosEcuador #ParoNacionalEcuador;"1182131452533592064";https://twitter.com/KatuArkonada/status/1182131452533592064
;2019/10/09 21:24;138;53;"#URGENTE #Ecuador #CUENCA HERIDO #ViolencesPolicieres Miembros de la Policía Nacional utilizando fuerza dejan herido a ciudadano en manifestaciones. #paroenecuador #ParoNacionalEC #ParoNacionalEcuador #SOSEcuador #EcuadorSOS RT @rhm1947pic.twitter.com/jiXFKLKQ71";;@rhm1947pic;#URGENTE #Ecuador #CUENCA #ViolencesPolicieres #paroenecuador #ParoNacionalEC #ParoNacionalEcuador #SOSEcuador #EcuadorSOS;"1182119751549620224";https://twitter.com/ChalecosAmarill/status/1182119751549620224
;2019/10/09 20:49;1278;827;"Testimonio de mujer indígena agredida por miembros de la Policía Nacional. ¡Ya basta! #ParoNacionalEcuador #RomoAsesina #DesBordeCompartepic.twitter.com/7MdPvrpYlI";;;#ParoNacionalEcuador #RomoAsesina #DesBordeCompartepic;"1182110859042152448";https://twitter.com/DesbordeEc/status/1182110859042152448
;2019/10/09 20:35;1160;901;"La policía de Moreno entra a reprimir en la Universidad Politécnica Salesiana. Por mucho menos que lo que está pasando estos días teníamos miles de columnas en prensa y televisión hablando de la violación de Derechos Humanos en Venezuela #SOSEcuador #ParoNacionalEcuador pic.twitter.com/86S4z4NCiI";;;#SOSEcuador #ParoNacionalEcuador;"1182107286338260992";https://twitter.com/KatuArkonada/status/1182107286338260992
;2019/10/09 20:31;65;117;"El presidente @Lenin llegó a Quito, grabó un mensaje dirigido a los indígenas y luego regresó a #Guayaquil, sede del gobierno durante el #ParoNacionalEcuador. pic.twitter.com/iV39Hr2hdS";;@Lenin;#Guayaquil #ParoNacionalEcuador;"1182106337385336833";https://twitter.com/lahistoriaec/status/1182106337385336833
;2019/10/09 19:17;487;312;"La @PoliciaEcuador golpeando a todas las personas que encuentran en las calles! #ParoNacionalEcuador pic.twitter.com/qq1pHfnpws";;@PoliciaEcuador;#ParoNacionalEcuador;"1182087782287761408";https://twitter.com/EmergenciasGyec/status/1182087782287761408
;2019/10/09 18:56;109;261;"Como le dan a los delincuentes? Quería meterse a un local. Que opinan? #ParoNacionalEcuador pic.twitter.com/JPcjs6sG5z";;;#ParoNacionalEcuador;"1182082475490721793";https://twitter.com/EmergenciasGyec/status/1182082475490721793
;2019/10/09 17:54;411;274;". @CIDH . @ONU_derechos son atacadas las brigadas de apoyo médico en #Ecuador por miembros de la policía #EcuadorSOS #ParoNacionalEcuador #yaparenlehttps://twitter.com/JuridicaPopular/status/1182063601844211713 …";;@CIDH @ONU_derechos;#Ecuador #EcuadorSOS #ParoNacionalEcuador #yaparenlehttps;"1182066763070103559";https://twitter.com/EstebanMeloG/status/1182066763070103559
;2019/10/09 14:23;213;148;"MILES Y MILES DE ECUATORIANOS MOVILIZADOS || ¡NO ES VENEZUELA! Ecuador se moviliza para pedir la renuncia del dictador @Lenin por el paquetazo neoliberal del FMI que pone de rodilla al pueblo. #paroenecuador #ParoNacionalEC #SOSEcuador #ParoNacionalEcuador pic.twitter.com/ZTdhUXpiky";;@Lenin;#paroenecuador #ParoNacionalEC #SOSEcuador #ParoNacionalEcuador;"1182013684224315398";https://twitter.com/OmarEnriquePsuv/status/1182013684224315398
;2019/10/09 13:42;108;108;"#ATENCIÓN | A través de una Carta Abierta, 125 académicos entre nacionales y extranjeros suscribieron un manifiesto dirigido al Gobierno de Ecuador. #ParoNacionalEcuador. http://www.pichinchauniversal.com.ec/academicos-proponen-elaborar-una-agenda-nacional-encaminada-al-bienestar-de-la-poblacion/ …";;;#ATENCI #ParoNacionalEcuador;"1182003292718518273";https://twitter.com/pichinchauniver/status/1182003292718518273
;2019/10/09 13:27;92;74;"Manifestantes en Durán. #ParoNacionalEcuador pic.twitter.com/Nu4vz3rsAw";;;#ParoNacionalEcuador;"1181999686867197953";https://twitter.com/noticiasec/status/1181999686867197953
;2019/10/09 13:04;246;302;"#LoQueNoVeranEnLaPrensa Quito 9 de octubre: El PODEROSO Pueblo Indígena, marchando hacia el centro de Quito. -Ya vería #Jarrín, aunque sea en YouTube, la historia del Pueblo Indígena? #ParoNacionalEcuador pic.twitter.com/99zHGcRYAB";;;#LoQueNoVeranEnLaPrensa #Jarr #ParoNacionalEcuador;"1181993839780941824";https://twitter.com/IsmaelUlloa11/status/1181993839780941824
;2019/10/09 12:31;91;93;"#Ecuador Continúan las marchas de protesta en la capital #Quito contra el #Paquetazo #ParoNacionalEcuador https://twitter.com/pichinchauniver/status/1181983297020338176 …";;;#Ecuador #Quito #Paquetazo #ParoNacionalEcuador;"1181985599810613248";https://twitter.com/InfoNodal/status/1181985599810613248
;2019/10/09 12:31;174;194;"Así rechaza el pueblo a #ElPeorGobiernoDelaHistoria en Ecuador #Guayaquill #QueSeVayanTodos #paroenecuador #ParoNacionalEcuador #ElParoSigue #ElParoRecienComienzapic.twitter.com/bBJ5gRWQyd";;;#ElPeorGobiernoDelaHistoria #Guayaquill #QueSeVayanTodos #paroenecuador #ParoNacionalEcuador #ElParoSigue #ElParoRecienComienzapic;"1181985481137020929";https://twitter.com/wgomezr/status/1181985481137020929
;2019/10/09 11:37;150;97;"Movilización en Quito #ParoNacionalEcuador. @OrlandoPerezEC @denisseteleSUR @camilateleSUR 9 de Octubre de 2019pic.twitter.com/UsQt0k1kkd";;@OrlandoPerezEC @denisseteleSUR @camilateleSUR;#ParoNacionalEcuador;"1181971989415768064";https://twitter.com/pvillegas_tlSUR/status/1181971989415768064
;2019/10/09 11:01;47;56;"Cientos de personas frente a la Embajada de #Ecuador en Madrid. El pueblo ecuatoriano está dando un ejemplo de lucha frente al paquetazo de #recortes impuestos por el gobierno traidor de Moreno por orden del FMI. #ParoNacionalEcuador pic.twitter.com/UGGu8F0pxI";;;#Ecuador #recortes #ParoNacionalEcuador;"1181962823817158657";https://twitter.com/elpce/status/1181962823817158657
;2019/10/09 10:59;124;109;"La academia nacional e internacional se manifiesta en contra del #paquetazo y la violación de Derechos Humanos por parte del Gobierno ecuatoriano. #ParoNacionalEcuador #ElParoNoPara #TodosSomosLaKolmenahttps://twitter.com/InfoNodal/status/1181959001220755457 …";;;#paquetazo #ParoNacionalEcuador #ElParoNoPara #TodosSomosLaKolmenahttps;"1181962482748919809";https://twitter.com/LaKolmenaEC/status/1181962482748919809
;2019/10/09 10:54;70;129;"Presentes en la concentración de Madrid en solidaridad con #EcuadorEnResistencia Fuera el paquetazo del FMI! Fuera Moreno y su gobierno de traidores! Viva la lucha del movimiento indígena y de la clase trabajadora! #ParoNacionalEcuador pic.twitter.com/VKobq4cWHK";;;#EcuadorEnResistencia #ParoNacionalEcuador;"1181961201196175361";https://twitter.com/elpce/status/1181961201196175361
;2019/10/09 10:34;96;174;". @jaimenebotsaadi “recomiéndeles que se queden en el páramo” La #Conaie responde: “nunca será presidente” #ParoNacionalEcuador pic.twitter.com/HVSPQTCMLo";;@jaimenebotsaadi;#Conaie #ParoNacionalEcuador;"1181956219319279620";https://twitter.com/ClaudiaRoura/status/1181956219319279620
;2019/10/09 10:26;157;220;"[AHORA] Movimiento Indígena agradece al pueblo de #Quito por la solidaridad con la #HuelgaNacional. Agradecen a universidades, estudiantes, organizaciones sociales, colectivos feministas y de trabajadores por el trabajo en las jornadas de #ParoNacionalEcuador. pic.twitter.com/vD8JKBWeCR";;;#Quito #HuelgaNacional #ParoNacionalEcuador;"1181954152836059137";https://twitter.com/wambraEc/status/1181954152836059137
;2019/10/09 06:56;137;248;"BUENOS DÍAS Mestizos, negros, cholos, montubios, indígenas TODOS SOMOS ECUADOR El racismo es sinónimo de ignorancia. ECUADOR NECESITA DIÁLOGO #ParoNacionalEcuador #paroenecuadorpic.twitter.com/8De7C7b7lw";;;#ParoNacionalEcuador #paroenecuadorpic;"1181901256568246272";https://twitter.com/FERBUSTAMANTEG/status/1181901256568246272
;2019/10/09 00:31;224;148;"Supuesta “Ambulancia” entregando equipamento a policías. #ParoNacionalEcuador #ParoNoPara #ParoNacionalEc #ParoNacional #ElParoSigue #FueraMorenoFuera #ToqueDeQuedapic.twitter.com/3muhg9ogLk";;;#ParoNacionalEcuador #ParoNoPara #ParoNacionalEc #ParoNacional #ElParoSigue #FueraMorenoFuera #ToqueDeQuedapic;"1181804258112540672";https://twitter.com/SeFueAVolver/status/1181804258112540672
;2019/10/09 00:10;752;801;"#URGENTE | Nuestros hermanos indígenas nos necesitan. En sede de la @CONAIE_Ecuador Quito, Av.Granados y 6 de diciembre se requieren donaciones de víveres, medicinas, pañales, etc. #SOSEcuador #ToqueDeQueda #MeDuelesEcuador #ParoNacionalEcuador #ParoEcuadorpic.twitter.com/jGKjdj9oXS";;@CONAIE_Ecuador;#URGENTE #SOSEcuador #ToqueDeQueda #MeDuelesEcuador #ParoNacionalEcuador #ParoEcuadorpic;"1181799065371189248";https://twitter.com/kolectiVOZ/status/1181799065371189248
;2019/10/08 18:01;177;206;"#EcuadorIndignado Con la consigna “fuera moreno fuera” la ciudadanía de #Guayaquil, se toma las calles para protestar en contra del Gobierno ecuatoriano. #ParoNacionalEcuador. @AbgDemocraciaEC @NotiCiertas @oro_negro26 @ThePulpEc @GuerrillaMedia4pic.twitter.com/iSi9W3zH9S";;@AbgDemocraciaEC @NotiCiertas @oro_negro26 @ThePulpEc @GuerrillaMedia4pic;#EcuadorIndignado #Guayaquil #ParoNacionalEcuador;"1181706317800640512";https://twitter.com/IndignadosEcu/status/1181706317800640512
;2019/10/08 15:10;216;145;"#URGENTE En estos momentos la @FiscaliaEcuador intervienen a la Radio @pichinchauniver uno de los medios de comunicación que está visibilizando el #ParoNacionalEcuador @DEFENSORIAEC @CIDH @inredh1 ¿Y LA LIBERTAD DE EXPRESIÓN?pic.twitter.com/WsvjxMAEFg";;@FiscaliaEcuador @pichinchauniver @DEFENSORIAEC @CIDH @inredh1;#URGENTE #ParoNacionalEcuador;"1181663169783255040";https://twitter.com/PoliticaManzana/status/1181663169783255040
;2019/10/08 14:07;154;139;"Se juntaron las lacras y están a punto de repetirnos la historia. No nos puede pasar 2 veces, no lo podemos permitir. El "traidor" está acorralado, tan sólo un poco más. @DDavidVillamar #ElParoNoPara #ParoNacionalEcuador #LeninChaopic.twitter.com/q3Cz1VuxCi";;@DDavidVillamar;#ElParoNoPara #ParoNacionalEcuador #LeninChaopic;"1181647288831287297";https://twitter.com/Israel7Calderon/status/1181647288831287297
;2019/10/08 09:01;32;58;"Esto es lo que sabemos sobre el #ParoNacionalEcuador. pic.twitter.com/BXNYxEuHjE";;;#ParoNacionalEcuador;"1181570303513763841";https://twitter.com/LaPosta_Ecu/status/1181570303513763841
;2019/10/08 03:44;50;77;"Ineptitud de gobernantes + Ignorante fundamentalismo neoliberal= Crisis inducidas. El pueblo del Ecuador resiste y se rebela contra @lenin porque no quiere terminar saqueado. Se ven en el espejo de la Argentina de Macri. #ParoNacionalEcuador https://twitter.com/GuillaumeLong/status/1179791254399397888 …";;@lenin;#ParoNacionalEcuador;"1181490656990109696";https://twitter.com/AliciaCastroAR/status/1181490656990109696
;2019/10/07 23:27;768;1178;"Hey tu “VALIENTE” tuuu @Lenin mira quien ya está en #Duran!! Y ahora dónde vas a correr a esconderte con tu grupete de INCOMPETENTES? #ElParoSigue #ParoNacionalEcuador #YoTambienSoyZangano @mariapaularomo @ottosonnenh @juanseroldan @IvanGrandaM Tic..tac.. tic ...tac pic.twitter.com/OJSziv65Bk";;@Lenin @mariapaularomo @ottosonnenh @juanseroldan @IvanGrandaM;#Duran #ElParoSigue #ParoNacionalEcuador #YoTambienSoyZangano;"1181425914829246464";https://twitter.com/CerezoPepita/status/1181425914829246464
;2019/10/07 22:33;73;100;"Camiones siguen llegando con los compañeros indígenas que se siuman al #ParoNacionalEcuador. #MuerteCruzada #ElParoSigue #ElParoRecienEmpiezapic.twitter.com/8OV6YvX2os";;;#ParoNacionalEcuador #MuerteCruzada #ElParoSigue #ElParoRecienEmpiezapic;"1181412260998189057";https://twitter.com/radiolacalle/status/1181412260998189057
;2019/10/07 21:56;170;268;"LOS SACARON A PUNTA DE BALA! Cansados del vandalismo los guardias de un supermercado en Guayaquil sacaron a punta de bala a delincuentes que pretendian saquear su lugar de trabajo. Los maleantes huyeron asustados. #ParoNacionalEcuador #Guayaquilpic.twitter.com/K4z5CXxHta";;;#ParoNacionalEcuador #Guayaquilpic;"1181403059689328641";https://twitter.com/notibien/status/1181403059689328641
;2019/10/07 21:52;103;45;"Un hombre mayor fue agredido por policías esta noche en el Centro Histórico de #Cuenca. El hombre trató de responder y fue golpeado, cayó y fue pateado en el suelo. Una bomba lacrimogena explotó junto a él y no se pudo ver más. #ParoNacionalEcuador #ElParoNoPara #EcuadorEnParopic.twitter.com/jBZcbXuK30";;;#Cuenca #ParoNacionalEcuador #ElParoNoPara #EcuadorEnParopic;"1181401855496216577";https://twitter.com/jfbeltranr/status/1181401855496216577
;2019/10/07 21:46;255;222;"#ATENCIÓN | A esta hora se registran enfrentamientos en el sector de la Plaza del Teatro, en el centro de #Quito, entre elementos de @PoliciaEcuador y manifestantes. #ParoNacionalEcuador. pic.twitter.com/Oe5rEJ4NWb";;@PoliciaEcuador;#ATENCI #Quito #ParoNacionalEcuador;"1181400549343875072";https://twitter.com/pichinchauniver/status/1181400549343875072
;2019/10/07 21:46;73;81;"A las 21:00, en sus primeras declaraciones Leonidas Iza, presidente del movimiento indígena de Cotopaxi, dijo que el propósito de esta movilización es “cambiar el rumbo de este país” ? @CONAIE_Ecuador? #ParoNacionalEcuador pic.twitter.com/VrXiz2LXjs";;@CONAIE_Ecuador;#ParoNacionalEcuador;"1181400543647948801";https://twitter.com/EspaciadoraBar/status/1181400543647948801
;2019/10/07 21:41;194;172;"A esta hora en Macas, huye la Policía Nacional. #ParoNacionalEC #Paro #ParoNacionalEcuador pic.twitter.com/YqJ59qqVuV";;;#ParoNacionalEC #Paro #ParoNacionalEcuador;"1181399287739101184";https://twitter.com/lichizchik/status/1181399287739101184
;2019/10/07 21:37;89;125;"Los héroes indígenas en la Capital de la República del Ecuador #ElParoNoPara #ParoNacionalEcuador @MashiRafael @PaolaPabonC @virgiliohernandhttps://twitter.com/sarukamunoz6/status/1181375424225517569 …";;@MashiRafael @PaolaPabonC @virgiliohernandhttps;#ElParoNoPara #ParoNacionalEcuador;"1181398100696604674";https://twitter.com/wgomezr/status/1181398100696604674
;2019/10/07 21:31;54;34;"Declaraciones de @Lenin esta noche del 7 de Octubre de 2019. Día 5 del #ParoNacionalEcuador https://videos.telesurtv.net/video/797340/lenin-moreno-no-voy-a-dar-marcha-atras/ …";;@Lenin;#ParoNacionalEcuador;"1181396646061629440";https://twitter.com/pvillegas_tlSUR/status/1181396646061629440
;2019/10/07 21:27;106;144;"El burdo cuento de Moreno es nauseabundo: sigue diciendo que todo es culpa de los correístas, sigue creyendo que el pueblo es estúpido. Gobierno: Moreno y Otto deben renunciar por el bien del País. #ParoNacional #SOSEcuador #ElParoNoPara #ParoNacionalEcuador @CIDH @ONU_derechos";;@CIDH @ONU_derechos;#ParoNacional #SOSEcuador #ElParoNoPara #ParoNacionalEcuador;"1181395710417264640";https://twitter.com/amapolanaranjo/status/1181395710417264640
;2019/10/07 21:11;94;85;"[AHORA] ¿Qué dijo @Lenin Moreno en Cadena Nacional? Se traslada la sede del Gobierno a #Guayaquil. No dará marcha atrás con la decisión de quitar los subsidios de los combustibles. Llamó a los sectores sociales al dialogo sincero y fraterno. #ParoNacionalEcuador pic.twitter.com/PHnMDBU2FA";;@Lenin;#Guayaquil #ParoNacionalEcuador;"1181391700754931712";https://twitter.com/wambraEc/status/1181391700754931712
;2019/10/07 20:58;137;146;"#ElParoNoPara ¡HISTÓRICO! Entrada triunfal del Movimiento Indígena a #Quito. "El pueblo unido jamás será vencido" #CONAIE #ParoNacionalEcuador #LaLuchaVaPorqueVapic.twitter.com/fJ8ra0HbH3";;;#ElParoNoPara #Quito #CONAIE #ParoNacionalEcuador #LaLuchaVaPorqueVapic;"1181388310037630976";https://twitter.com/Vivi_GuevaraV/status/1181388310037630976
;2019/10/07 20:57;186;249;"Las lágrimas, ni siquiera me permiten escribir! -Así se recibe al GLORIOSO Pueblo Indígena en Calderón (norte de Quito)! #LoQueNoVeránEnLaPrensa #ParoNacionalEcuador #EstoyDecididohttps://twitter.com/JimmCoronado/status/1181385341363789825 …";;;#LoQueNoVer #ParoNacionalEcuador #EstoyDecididohttps;"1181388160133160961";https://twitter.com/IsmaelUlloa11/status/1181388160133160961
;2019/10/07 20:53;86;73;"#LoQueNoVeránEnLaPrensa Otro grupo del GLORIOSO Pueblo Indígena, avanzando por Carapungo, hacia Quito... Que alguien le informe a #Jarrín, que este Pueblo ha sido tan maltrato, que las amenazas de un “gallazo” de escritorio, no les intimida! #ParoNacionalEcuador pic.twitter.com/6bN0s0zrEP";;;#LoQueNoVer #Jarr #ParoNacionalEcuador;"1181387157346238464";https://twitter.com/IsmaelUlloa11/status/1181387157346238464
;2019/10/07 20:46;126;74;"La delincuencia está haciendo de las suyas. En Cotocollao un muerto, un policía herido. Tres venezolanos hacían de las suyas #ParoNacionalEcuador pic.twitter.com/5OTlJeJRMN";;;#ParoNacionalEcuador;"1181385463761911809";https://twitter.com/Normitush/status/1181385463761911809
;2019/10/07 20:32;199;144;"En Durán el descontrol absoluto. Gasolinera primax es asaltada por delincuentes. No existe personal policial en la zona. #SOSEcuador #PaquetazoDeMoreno #ParoNacional #ParoNacionalEcuador #ElParoNoPara #KolectiVOZenLasCallespic.twitter.com/Li9zbE0ZRN";;;#SOSEcuador #PaquetazoDeMoreno #ParoNacional #ParoNacionalEcuador #ElParoNoPara #KolectiVOZenLasCallespic;"1181381888956612609";https://twitter.com/kolectiVOZ/status/1181381888956612609
;2019/10/07 19:47;302;361;"#Ecuador: movimientos indígenas ingresan a Quito al grito de "el pueblo unido, jamás será vencido". Exigen la renuncia del presidente Lenín Moreno. #ElParoNoPara #ParoNacionalEcuador https://twitter.com/pichinchauniver/status/1181369624732065793 …";;;#Ecuador #ElParoNoPara #ParoNacionalEcuador;"1181370620627607557";https://twitter.com/InfoNodal/status/1181370620627607557
;2019/10/07 18:49;220;434;"El miserable de @Lenin caerá, como todos los neoliberales vendepatria. Gracias Ecuador por dar ejemplo. #ParoNacionalEcuador EL PUEBLO UNIDO JAMÁS SERÁ VENCIDO pic.twitter.com/xpPfuwQ1m6";;@Lenin;#ParoNacionalEcuador;"1181355869751140354";https://twitter.com/gaitan_presente/status/1181355869751140354
;2019/10/07 18:07;59;72;"En estos momentos entra a Quito la caravana de nuestrxs hermanxs indigenas. Recordamos que en los centros de acopio al rededor de la ciudad, se necesitan víveres, vituallas pero sobretodo manos solidarias. #SOSEcuador #ParoNacionalEcuador pic.twitter.com/dCrjXbFVi1";;;#SOSEcuador #ParoNacionalEcuador;"1181345444334653440";https://twitter.com/DesbordeEc/status/1181345444334653440
;2019/10/07 17:38;116;346;"Nos hacen falta las güevas y los ovarios que tiene el pueblo Ecuatoriano. ¿Se imaginan lo que ya hubiéramos logrado? #ATENCIÓN #ParoNacionalEcuador";;;#ATENCI #ParoNacionalEcuador;"1181338088045453312";https://twitter.com/Cathe_Tr/status/1181338088045453312
;2019/10/07 17:12;126;141;"¿Ya se pronunció la asamblea? Moreno no puede seguir en el poder, está enfrentando al pueblo contra el pueblo para el beneficio de las élites. ¡Muerte cruzada ya! #ElParoSigue #ParoNacionalEcuador pic.twitter.com/ZMyRG0HBRd";;;#ElParoSigue #ParoNacionalEcuador;"1181331479709831169";https://twitter.com/MaiadelC/status/1181331479709831169
;2019/10/07 17:04;407;489;"Manifestantes frente a @teleamazonasec protestan por el mal trabajo de la prensa nacional especialmente ese medio que ha solapado todas las porquerías de #ElGobiernoDeTodos #ElParoSigue #ParoNacionalEcuador pic.twitter.com/LnmkecqiEb";;@teleamazonasec;#ElGobiernoDeTodos #ElParoSigue #ParoNacionalEcuador;"1181329533905100800";https://twitter.com/janev30/status/1181329533905100800
;2019/10/07 17:01;1672;3742;"Los indígenas entrando a Quito, a temblar Lenin Moreno, el pueblo ecuatoriano es poder y tumbara su cuarto presidente neoliberal. #ElParoSigue #ParoNacionalEcuador #EcuadorEnResistencia El ejemplo del pueblo ecuatoriano es grande.pic.twitter.com/idP6SJ8CRQ";;;#ElParoSigue #ParoNacionalEcuador #EcuadorEnResistencia;"1181328626727473154";https://twitter.com/indignadocol1/status/1181328626727473154
;2019/10/07 16:59;134;118;"Y entonces, al sur de #Quito el pueblo avanza. Y @Lenin, ¿Dónde está? Todos los detalles #ParoNacionalEcuador por @teleSURtv y @telesurenglish https://twitter.com/rolandoteleSUR/status/1181327045533540358/video/1 …pic.twitter.com/rUWQTwEGpn";;@Lenin @teleSURtv @telesurenglish;#Quito #ParoNacionalEcuador;"1181328310103613440";https://twitter.com/rolandoteleSUR/status/1181328310103613440
;2019/10/07 16:53;1342;823;"#ATENCIÓN | Momentos de pánico se vivieron en el centro-norte de Quito tras una fuerte represión policial contra un joven manifestante. Video muestra las agresiones que recibió. #ParoNacionalEcuador pic.twitter.com/qEqN7P3mkG";;;#ATENCI #ParoNacionalEcuador;"1181326814259494912";https://twitter.com/pichinchauniver/status/1181326814259494912
;2019/10/07 16:47;220;222;"La soberbia le pasa factura al Gobierno. El "honor" de las Fuerzas Armadas en la batalla de Tambillo. #ParoNacionalEcuador pic.twitter.com/WjUZyUY7CP";;;#ParoNacionalEcuador;"1181325265752018944";https://twitter.com/relicheandres/status/1181325265752018944
;2019/10/07 16:42;143;315;"La situación va de mal en peor... no se en que acabaremos :"( #SOSEcuador #ParoNacionalEcuador pic.twitter.com/WfBXlkuBuN";;;#SOSEcuador #ParoNacionalEcuador;"1181324007452352513";https://twitter.com/Hoseok2003BTS/status/1181324007452352513
;2019/10/07 16:42;229;244;"#ATENCIÓN | #Ecuador Movimiento indígena a su llegada a #SantaRosa, hacen que la barrera militar retroceda y se abren paso para continuar con su trayecto. #ParoNacionalEcuador ESPECTACULAR @rhm1947 @taniasandinista @RalitoDigital @FloryCantoXpic.twitter.com/D2onjejZ2C";;@rhm1947 @taniasandinista @RalitoDigital @FloryCantoXpic;#ATENCI #Ecuador #SantaRosa #ParoNacionalEcuador;"1181324006747758592";https://twitter.com/ChalecosAmarill/status/1181324006747758592
;2019/10/07 16:36;183;185;"#URGENTE El pueblo organizado hace retroceder a militares. ¡El pueblo unido, jamás será vencido! Esta es la manifestación ciudadana, pacífica, todos en una sola lucha por el rescate del país. No más represión al pueblo. Abajo el #PAQUETAZO #ParoNacionalEcuador #ElParoSiguepic.twitter.com/J2XGwuNRqf";;;#URGENTE #PAQUETAZO #ParoNacionalEcuador #ElParoSiguepic;"1181322391877820417";https://twitter.com/Vivi_GuevaraV/status/1181322391877820417
;2019/10/07 16:26;369;436;"#ATENCIÓN | En el sector de la curva de Santa Rosa, se reporta la posesión y quema de una 'tanqueta' de las @FFAAECUADOR por parte de los manifestantes. #ParoNacionalEcuador pic.twitter.com/xyKIWMqaIF";;@FFAAECUADOR;#ATENCI #ParoNacionalEcuador;"1181319973437923329";https://twitter.com/pichinchauniver/status/1181319973437923329
;2019/10/07 16:24;251;359;""Espere, tome tostadito" Este niño les regala un puñado de tostado a militares que "vienen caminando de lejísimos" EL PUEBLO NO DEBE ENFRENTARSE CONTRA EL PUEBLO LOS NIÑOS SIEMPRE DEMOSTRANDO QUE SON MEJORES SERES HUMANOS QUE NOSOTROS LOS ADULTOS #ParoNacionalEcuador pic.twitter.com/hbMzjTOaRr";;;#ParoNacionalEcuador;"1181319450999558144";https://twitter.com/FERBUSTAMANTEG/status/1181319450999558144
;2019/10/07 16:22;105;129;"Ecuador Resiste a las políticas de hambre de Lenin Moreno. #ParoNacionalEcuador pic.twitter.com/xQ25vwML92";;;#ParoNacionalEcuador;"1181318955144744960";https://twitter.com/14capo/status/1181318955144744960
;2019/10/07 16:21;417;649;"Derecho a la RESISTENCIA. Quito Luz de América y el Ecuador entero merecemos vivir con dignidad. Rechazamos la receta del FMI. Somos pueblo y no descansaremos hasta que se derogue este paquetazo que trae hambre y miseria, al pueblo. #ParoNacionalEcuador # pic.twitter.com/2PJ1KyDbvs";;;#ParoNacionalEcuador #;"1181318617461379078";https://twitter.com/LuisaMaldonadoM/status/1181318617461379078
;2019/10/07 16:21;343;351;"16:15 #Ecuador ll El movimiento indígena continúa en su recorrido hacia #Quito. A esta hora llegan a #Amaguaña con destino a #Carondelet. #ParoNacionalEcuador Fuente: @pichinchauniverpic.twitter.com/qrTQsdFGrh";;@pichinchauniverpic;#Ecuador #Quito #Amagua #Carondelet #ParoNacionalEcuador;"1181318532149235712";https://twitter.com/EnMediatica/status/1181318532149235712
;2019/10/07 15:55;127;99;"Manifestantes ya pasaron el segundo cerco y avanzan hacia el centro histórico. Llevan las rejas que arrancaron de los parterres. #ParoNacionalEcuador #ParoNacionalECpic.twitter.com/neDp8TSUpa";;;#ParoNacionalEcuador #ParoNacionalECpic;"1181312058832424962";https://twitter.com/mariasolborja/status/1181312058832424962
;2019/10/07 15:33;337;267;"Sur de Quito. Hoy, 7 de Octubre de 2019. #ParoNacionalEcuador pic.twitter.com/onaL9SbvxJ";;;#ParoNacionalEcuador;"1181306569377669122";https://twitter.com/pvillegas_tlSUR/status/1181306569377669122
;2019/10/07 12:49;153;172;"Quevedo se levanta #SOSEcuador #ParoNacionalEcuador #QueSeVayanTodos @cesarlitardo y @AsambleaEcuador que esperan de intervenir y aplicar el 130 de la CREpic.twitter.com/9NZgJW5qE7";;@cesarlitardo @AsambleaEcuador;#SOSEcuador #ParoNacionalEcuador #QueSeVayanTodos;"1181265191000055813";https://twitter.com/wgomezr/status/1181265191000055813
;2019/10/07 12:05;150;182;"Y así se siguen sumando, como lo decía un gordito y borrachín de #ElPeorGobiernoDeLaHistoria tic tic tic toc #ParoNacionalEcuador #ElParoSigue #SOSEcuadorhttps://twitter.com/elcomerciocom/status/1181231948842373121 …";;;#ElPeorGobiernoDeLaHistoria #ParoNacionalEcuador #ElParoSigue #SOSEcuadorhttps;"1181254158395019265";https://twitter.com/wgomezr/status/1181254158395019265
;2019/10/07 11:51;125;116;"Otro saqueo se registró en el país durante el #ParoNacionalEcuador. Ahora el desmadre sucedió en la fábrica de #Parmalat en #Lasso.pic.twitter.com/pyYwlHWUcn";;;#ParoNacionalEcuador #Parmalat #Lasso;"1181250661117255682";https://twitter.com/LaPosta_Ecu/status/1181250661117255682
;2019/10/07 11:30;363;408;"El pueblo de Manta, en Manabí, continúa las protestas en rechazo a las medidas económicas de @Lenin Moreno y el recetario del FMI. En la lucha del pueblo -de este pueblo alfarista- nadie se cansa. #AguanteManabí #ParoNacionalEcuador pic.twitter.com/jdmD04Q3sz";;@Lenin;#AguanteManab #ParoNacionalEcuador;"1181245444309110784";https://twitter.com/LaKolmenaEC/status/1181245444309110784
;2019/10/07 10:12;214;189;"#Ecuador | Comunidades indígenas avanzan hacia Quito para sumarse a las protestas del #ParoNacional Las principales vías de la capital han sido bloqueados este lunes en rechazo a las reformas económicas de Lenín Moreno https://go.shr.lc/30WXCNY  #ParoNacionalEcuador pic.twitter.com/fQpAFYUPhc";;;#Ecuador #ParoNacional #ParoNacionalEcuador;"1181225877910241280";https://twitter.com/teleSURtv/status/1181225877910241280
;2019/10/07 10:08;172;189;"#ATENCIÓN | A esta hora una caravana de vehículos escolares e institucionales se movilizan sobre la Ruta Viva - Simón Bolívar con dirección al redondel de #Zámbiza. #ParoNacionalEcuador pic.twitter.com/UzZTLMuxAz";;;#ATENCI #Z #ParoNacionalEcuador;"1181224874972520450";https://twitter.com/pichinchauniver/status/1181224874972520450
;2019/10/07 09:29;164;173;"Cobertura del #ParoNacionalEcuador por #Hispantv @Hispantvpic.twitter.com/vXGBypj9Dc";;@Hispantvpic;#ParoNacionalEcuador #Hispantv;"1181214968185851904";https://twitter.com/robinrobles/status/1181214968185851904
;2019/10/07 07:28;137;111;"del canal y las llaves del auto. Trataron de botar la cámara de mi compañero al piso. Luego de borrar todo nos hicieron correr al auto e irnos. #ParoNacionalEcuador";;;#ParoNacionalEcuador;"1181184411603210240";https://twitter.com/AndreaOrbe5/status/1181184411603210240
;2019/10/07 06:58;126;138;"Pasa el gobernador del Cañar @GOBERCANAR pidiendo que le den paso y se da con el pueblo en toda la cara.... #ParoNacionalEcuador pic.twitter.com/rAIBjHPtqS";;@GOBERCANAR;#ParoNacionalEcuador;"1181177000070909953";https://twitter.com/hijodelsuelo/status/1181177000070909953
;2019/10/07 05:22;291;480;"Volcaron una tanqueta... Si estos peleaban en la guerra del 41, hoy seríamos peruanos. #ParoNacionalEcuador pic.twitter.com/mVZouCfcbr";;;#ParoNacionalEcuador;"1181152727545634817";https://twitter.com/Raidkkonen/status/1181152727545634817
;2019/10/07 00:10;165;109;"Urgente Los militares impiden la entrada del pueblo indígena a #Quito #ParoNacionalEcuador pic.twitter.com/qUdzqXcjXf";;;#Quito #ParoNacionalEcuador;"1181074274842484736";https://twitter.com/Meluzambrano/status/1181074274842484736
;2019/10/06 23:26;666;515;"Estas son las amenazas del ministro de @DefensaEc Oswaldo Jarrín para la ciudadanía y los pueblos indígenas que participan en el #ParoNacionalEcuador. La historia recordará su nombre y sus actos contra la gente. #ElParoRecienEmpieza #ElParoSigue #ElParoNoParapic.twitter.com/yrHf5dnBV8";;@DefensaEc;#ParoNacionalEcuador #ElParoRecienEmpieza #ElParoSigue #ElParoNoParapic;"1181063154303979521";https://twitter.com/radiolacalle/status/1181063154303979521
;2019/10/06 22:14;91;92;"Este mentiroso OSWALDO JARRIN dice en cadena nacional "no existen militares retenidos" #CadenaNacional 10 minutos después ECUAVISA dice que hay 53 militares retenidos @Lenin se te huele el miedo! La cara que tenías era la misma que te hizo poner el wacho! #ParoNacionalEcuador pic.twitter.com/IkWf4PKYNR";;@Lenin;#CadenaNacional #ParoNacionalEcuador;"1181045089658982401";https://twitter.com/davidpazviera/status/1181045089658982401
;2019/10/06 21:48;229;179;"La ministra @mariapaularomo dice en la #CadenaNacional que la policía solamente ataca cuando no tiene otra alternativa. Esto sucedió en Cuenca. No había otra alternativa? #ParoNacionalEcuador #ParoEcuadorpic.twitter.com/SuXKcyQ1L7";;@mariapaularomo;#CadenaNacional #ParoNacionalEcuador #ParoEcuadorpic;"1181038607622197248";https://twitter.com/gortegaj/status/1181038607622197248
;2019/10/06 21:45;310;224;"DE VUELTA AL PASADO| En Oct de 1984 L.F. Cordero decidió enviar tanques de guerra al edificio de la Corte Suprema de Justicia. Hoy, 35 años después, el gobierno de @Lenin Moreno prepara a los blindados para recrudecer la violencia contra los manifestantes del #ParoNacionalEcuador https://twitter.com/VerdugaAugusto/status/1181036196581056513 …";;@Lenin;#ParoNacionalEcuador;"1181037789493809152";https://twitter.com/LaKolmenaEC/status/1181037789493809152
;2019/10/06 21:43;177;152;"Este Jarrín, seudo ministro de defensa, prepotente de escritorio, es un MENTIROSO nivel jerárquico superior... Estas TANQUETAS que han llegando al Centro de Quito, son de la Caballería Blindada del Ejército y NO “blindados antimotines de la Policía”. #ParoNacionalEcuador pic.twitter.com/gtZ3vu1o8F";;;#ParoNacionalEcuador;"1181037364786946050";https://twitter.com/IsmaelUlloa11/status/1181037364786946050
;2019/10/06 21:31;247;591;"Alguien infórmele al Ministro de Defensa que los territorios de los pueblos indígenas existen y están reconocido en la Constitución. #ParoNacionalEcuador";;;#ParoNacionalEcuador;"1181034178864922626";https://twitter.com/LoloMino/status/1181034178864922626
;2019/10/06 21:20;246;251;"Así es como @Lenin está decidido a dialogar con grupos indígenas. Bonita forma de incentivar el diálogo. #ElPeorGobiernoDeLaHistoria #ElParoReciénEmpieza #ElParoSigue #ParoNacionalEcuador #Ecuadorpic.twitter.com/cDyDHWQsiF";;@Lenin;#ElPeorGobiernoDeLaHistoria #ElParoReci #ElParoSigue #ParoNacionalEcuador #Ecuadorpic;"1181031530908569601";https://twitter.com/Marilyn_ib/status/1181031530908569601
;2019/10/06 20:24;157;149;"Esta ciudadana no pudo definir mejor a este gobierno: “¡ESTÁN LOCOS!” #ParoNacionalEcuador #ElParoSigue #ElParoRecienEmpieza #QueSeVayanTodospic.twitter.com/IAZk1Ieu8A";;;#ParoNacionalEcuador #ElParoSigue #ElParoRecienEmpieza #QueSeVayanTodospic;"1181017458183946240";https://twitter.com/radiolacalle/status/1181017458183946240
;2019/10/06 19:27;151;120;"#LoQueNoVeránEnLaPrensa Hace instantes en Piedra Colorada, entrada a Guaytacama-Cotopaxi... El valiente Pueblo Indígena resistiendo las bombas lacrimógenas del ejército! #ParoNacionalEcuador Vía #ConaieComunicaciónpic.twitter.com/bVHAvWta1M";;;#LoQueNoVer #ParoNacionalEcuador #ConaieComunicaci;"1181003017463697411";https://twitter.com/IsmaelUlloa11/status/1181003017463697411
;2019/10/06 18:38;173;189;"Última noticia en nuestra provincia de Manabí se une al #ParoNacionalEcuador diferentes organizaciones campesina, agropecuarias y seguros campesino al rechazo total del #Paquetazo @EcuavisaInforma @teleamazonasec @capitaltvec @manavisionec @MashiApolo @RTSEcuadorpic.twitter.com/SpWtyEGmIx";;@EcuavisaInforma @teleamazonasec @capitaltvec @manavisionec @MashiApolo @RTSEcuadorpic;#ParoNacionalEcuador #Paquetazo;"1180990654899507206";https://twitter.com/LuisVeraVera27/status/1180990654899507206
;2019/10/06 16:18;1226;919;"Lo que los medios de comunicación no informan! Así son recibidos nuestros indígenas en #Quito por la Policía Nacional del Ecuador, pruebas fehacientes de que los que abusan de la fuerza y de las armas son quienes llevan uniforme. #ElParoSigue #ParoNacionalEcuador #indigenaspic.twitter.com/y1E9eZh4Ke";;;#Quito #ElParoSigue #ParoNacionalEcuador #indigenaspic;"1180955592023781378";https://twitter.com/UNE_EC/status/1180955592023781378
;2019/10/06 10:01;643;1026;"Sólo un gobierno miope no ha comprendido que el #ParoNacionalEcuador lo lidera una juventud consiente de su futuro. Orgullosa de esta nueva generación, mi país florece #ElParoSiguepic.twitter.com/3AeebrzRGR";;;#ParoNacionalEcuador #ElParoSiguepic;"1180860682482401280";https://twitter.com/PaolaCabezasC/status/1180860682482401280
;2019/10/06 09:33;164;103;"Sigue siendo indignante la brutalidad con la que actúa la policía del dictador @Lenin Aquí dos jóvenes estudiantes son requisados y sin poner resistencia son golpeados cobardemente. #FueraLeninFuera #ParoNacionalEcuador #PLOMO19pic.twitter.com/GnRySJNudh";;@Lenin;#FueraLeninFuera #ParoNacionalEcuador #PLOMO19pic;"1180853596595863552";https://twitter.com/E1Nacionalista/status/1180853596595863552
;2019/10/06 07:09;79;140;"Entrevista con Rafael Correa en @lapizarraOK sobre la crisis política y económica en Ecuador. #ParoNacionalEcuador #MovilizacionNacional #RevolucionDeLosZanganoshttps://youtu.be/kxC2-mplRAQ ";;@lapizarraOK;#ParoNacionalEcuador #MovilizacionNacional #RevolucionDeLosZanganoshttps;"1180817318571646976";https://twitter.com/VerdugaAbraham/status/1180817318571646976
;2019/10/06 00:43;236;425;"Alias "Firulais" presente en las manifestaciones en contra del régimen de #Moreno. Lugarteniente de Segismundo. Vinculado al correismo... @MashiRafael @Sandinin #ElParoRecienEmpieza #RevolucionDeLosZanganos #ParoNacionalEcuador pic.twitter.com/9wNYgqDOui";;@MashiRafael @Sandinin;#Moreno #ElParoRecienEmpieza #RevolucionDeLosZanganos #ParoNacionalEcuador;"1180720207704330241";https://twitter.com/jorgealcivar/status/1180720207704330241
;2019/10/05 23:37;551;791;"#ParoNacionalEcuador Movimiento indígena multiplica la enorme cantidad de descontentos por las medidas económicas impulsadas por el Gobierno. #Ecuador afrontará una semana decisiva con pronóstico reservadopic.twitter.com/A0psYLvs8l";;;#ParoNacionalEcuador #Ecuador;"1180703613716353024";https://twitter.com/mabsegovia/status/1180703613716353024
;2019/10/05 22:44;197;241;"Escuelas de cine rechazan brutalidad policíaca contra cineastas durante #ParoNacionalEcuador y piden a @CorteConstEcu que analice constitucionalidad del #EstadoDeExcepcionpic.twitter.com/X0aRs5v68d";;@CorteConstEcu;#ParoNacionalEcuador #EstadoDeExcepcionpic;"1180690260877103105";https://twitter.com/kevinhurlt/status/1180690260877103105
;2019/10/05 20:35;652;1088;"Este es el manejo político más torpe de un #ParoNacionalEcuador que he visto. Chapuceros esbirros improvisados y represivos. No se puede criminalizar la protesta social.";;;#ParoNacionalEcuador;"1180657890169905153";https://twitter.com/ramiroaguilart/status/1180657890169905153
;2019/10/05 20:25;157;296;"En #Latacunga Indígenas castigan a ladrones que aprovechando el #ParoNacional se dedicaban a robar .. Punto Para la Sierra #ParoNacionalEcuador pic.twitter.com/PXkVEEPfvq";;;#Latacunga #ParoNacional #ParoNacionalEcuador;"1180655274086031362";https://twitter.com/JokerBsc/status/1180655274086031362
;2019/10/05 20:00;163;417;"Estar en #ParoNacionalEcuador rechazando las medidas económicas no es estar a favor de @MashiRafael #Correistas y #Zanganos como se autodenominan todo esto es por su culpa. Así que no intenten pescar a rio revuelvo. Fin Del Comunicado.";;@MashiRafael;#ParoNacionalEcuador #Correistas #Zanganos;"1180648999210143744";https://twitter.com/ClaudiaRoura/status/1180648999210143744
;2019/10/05 19:54;142;198;"ATENCIÓN Informamos a la ciudadanía que hay intentos de hackear nuestras cuentas de correo y redes sociales. Estamos fortaleciendo nuestras seguridades digitales con los limitados recursos que tenemos. #ElParoSigue #ParoNacionalEcuador #NoCreoEnLosMedios";;;#ElParoSigue #ParoNacionalEcuador #NoCreoEnLosMedios;"1180647424081240066";https://twitter.com/radiolacalle/status/1180647424081240066
;2019/10/05 18:31;267;222;"#Ecuador #ElParoSigue Grabado dentro de bus militar que muestra claramente cómo #ElPoderDeLaGente es más fuerte que el #EstadoDeExcepción. #ElParoRecienEmpieza #YoTambienSoyZangano #ParoNacionalEcuador RT pic.twitter.com/GcOt76H5Fq";;;#Ecuador #ElParoSigue #ElPoderDeLaGente #EstadoDeExcepci #ElParoRecienEmpieza #YoTambienSoyZangano #ParoNacionalEcuador;"1180626714529058816";https://twitter.com/ChalecosAmarill/status/1180626714529058816
;2019/10/05 18:09;279;249;"Esto ya es el colmo!!! Ecuador en paro y @lenin como si nada en el Centro Comercial Plaza Lagos de Samborondón!! Una muestra más de que la situación del país no le importa! @MashiRafael #NoCreoEnLosMedios #ParoNacionalEcuador #YoTambienSoyZanganopic.twitter.com/CIja1jEaI3";;@lenin @MashiRafael;#NoCreoEnLosMedios #ParoNacionalEcuador #YoTambienSoyZanganopic;"1180621017531715585";https://twitter.com/EthelVelandia/status/1180621017531715585
;2019/10/05 18:05;421;512;"Consignas en Chimborazo -Esta no es 1 lucha de los transportistas, es 1 lucha del pueblo -Fuera @Lenin Moreno pero no vamos a permitir que entre el vicepresidente -Queremos nuevas elecciones -Vamos a estar aquí hasta que se deroguen las medidas económicas #ParoNacionalEcuador pic.twitter.com/Pxc5e3XqEF";;@Lenin;#ParoNacionalEcuador;"1180619968402132992";https://twitter.com/MaiadelC/status/1180619968402132992
;2019/10/05 15:53;223;182;"#Ecuador #ElParoSigue #ParoNacionalEcuador El pueblo se defiende ante la represión. LA REVOLUCIÓN NO SERÁ TELEVISADA @NoemiRosValenc2 @GiletsJaunesGo @AnonGilet @Voltuan @XtinctionRebel @descifraguerra @MashiRafael @JLMelenchon @jaarreaza https://twitter.com/LibertadIdeal/status/1180516246489571329/video/1 …";;@NoemiRosValenc2 @GiletsJaunesGo @AnonGilet @Voltuan @XtinctionRebel @descifraguerra @MashiRafael @JLMelenchon @jaarreaza;#Ecuador #ElParoSigue #ParoNacionalEcuador;"1180586827914199041";https://twitter.com/ChalecosAmarill/status/1180586827914199041
;2019/10/05 15:37;1254;1092;"#Ecuador #ElParoSigue Indígenas llegan a Sierra Centro. No hubo policía que pudiera detenerlos #ParoNacionalEcuador VAMOS A HACERLO VIRAL @rhm1947 @RalitoDigital @FloryCantoX @YourMarkLubbers @RayJoha2 @petrogustavo @ElMachoAguero @teleSURtv https://twitter.com/PrensaBananera/status/1180528320728961025/video/1 …";;@rhm1947 @RalitoDigital @FloryCantoX @YourMarkLubbers @RayJoha2 @petrogustavo @ElMachoAguero @teleSURtv;#Ecuador #ElParoSigue #ParoNacionalEcuador;"1180582846840201216";https://twitter.com/ChalecosAmarill/status/1180582846840201216
;2019/10/05 15:02;417;579;""¡Levántense como leones después del sueño, en un número invencible! Sacudan las cadenas que han caído sobre ustedes mientras dormían, a la tierra como el rocío: ustedes son muchos, ellos son pocos" Percy B. Shelley En Chimborazo #ParoNacionalEcuador #ElParoSiguepic.twitter.com/WazZiCMpWD";;;#ParoNacionalEcuador #ElParoSiguepic;"1180574075120476161";https://twitter.com/MaiadelC/status/1180574075120476161
;2019/10/05 14:51;250;257;"VIDEO | @LeonardoQuirozL visita los mercados de Guayaquil y ellos dicen: "El #PaquetazoDeMoreno afecta directamente al bolsillo del pueblo. El beneficio es para las grandes empresas". #EstoyCabreado #NoCreoEnLosMedios #ElParoSigue #YoTambienSoyZangano #ParoNacionalEcuador pic.twitter.com/PadFQHXSOy";;@LeonardoQuirozL;#PaquetazoDeMoreno #EstoyCabreado #NoCreoEnLosMedios #ElParoSigue #YoTambienSoyZangano #ParoNacionalEcuador;"1180571200545648640";https://twitter.com/kolectiVOZ/status/1180571200545648640
;2019/10/05 13:53;181;214;"Que el paro era solo de los transportistas? La indignación es nacional! Juntxs somos más fuertes #ParoNacionalEcuador pic.twitter.com/hgpY3Vgrcn";;;#ParoNacionalEcuador;"1180556681966690304";https://twitter.com/JNoriiega/status/1180556681966690304
;2019/10/05 13:47;364;1108;"Ahora un poema #ParoNacionalEcuador pic.twitter.com/URedaNbE0K";;;#ParoNacionalEcuador;"1180555231563800578";https://twitter.com/hbecas/status/1180555231563800578
;2019/10/05 11:58;244;290;"#VideoBananero| Hace un momento, indígenas llegan al centro de Quito. No hubo policía que pudiera detenerlos. #ElParoSigue #ParoNacionalEcuador pic.twitter.com/xLPY7Ibvfs";;;#VideoBananero #ElParoSigue #ParoNacionalEcuador;"1180527670418915333";https://twitter.com/1erImpactoEc/status/1180527670418915333
;2019/10/05 10:30;352;461;"#Portoviejo En estos instantes todas las cooperativas de taxis de la ciudad se unen en una gran caravana en rechazo a la eliminación del subsidio a los combustibles y de las medidas económicas impuestas por el Gobierno. #ParoNacionalEcuador pic.twitter.com/tAt5415FMd";;;#Portoviejo #ParoNacionalEcuador;"1180505647810568192";https://twitter.com/pacohidalgof/status/1180505647810568192
;2019/10/05 10:07;278;338;"El taxismo en #Portoviejo continúa en #ParoNacionalEcuador y dicen que de no derogarse las #MedidasEconómicas continuarán en paralizaciones y protestas.pic.twitter.com/4a4pkJBYmx";;;#Portoviejo #ParoNacionalEcuador #MedidasEcon;"1180499751923568647";https://twitter.com/Meluzambrano/status/1180499751923568647
;2019/10/05 06:54;241;458;"Anoche (22:45): el prefecto del Azuay, @yakuperezg, anunció que continuará con el paro contra las medidas económicas. En un tuit dice: “Seguimos los azuayos firmes, con o sin transportistas se mantiene la lucha. #ParoNacionalEcuador” pic.twitter.com/wSBnVDYfLy";;@yakuperezg;#ParoNacionalEcuador;"1180451124953964544";https://twitter.com/tomebamba/status/1180451124953964544
;2019/10/05 00:30;170;256;"#Firulias ejercía su derecho a la resistencia ..!!! #ParoNacionalEcuador LIBERTAD !!!!! pic.twitter.com/c6Mf2W97Y5";;;#Firulias #ParoNacionalEcuador;"1180354617500151809";https://twitter.com/Infinitum01/status/1180354617500151809
;2019/10/04 23:51;117;159;"¡Cuenca No se ahueva Carajo! Seguimos en pie. #ParoNacionalEcuador #NoCreoEnLosMedios #ParoNacionalEChttps://twitter.com/PrideMoBel/status/1180308669575106563 …";;;#ParoNacionalEcuador #NoCreoEnLosMedios #ParoNacionalEChttps;"1180344835875758080";https://twitter.com/johnrodriguez_/status/1180344835875758080
;2019/10/04 22:45;199;455;"Seguimos los azuayos firmes, con o sin transportistas se mantiene la lucha. #ParoNacionalEcuador pic.twitter.com/5OJTe1LOrI";;;#ParoNacionalEcuador;"1180328146996006912";https://twitter.com/yakuperezg/status/1180328146996006912
;2019/10/04 22:24;212;260;"Postales de la jornada de hoy en el #ParoNacionalEcuador, desde la ciudad de #Quito. Gracias por compartir, sigan enviando sus fotos. Radio La Calle, donde tu voz es lo que queremos expresar. #JuntosEnLaDirecciónCorrectapic.twitter.com/pVaKFcuBjv";;;#ParoNacionalEcuador #Quito #JuntosEnLaDirecci;"1180322837682368512";https://twitter.com/radiolacalle/status/1180322837682368512
;2019/10/04 22:10;117;152;"Hasta mañana menos con los que se descolen del #ParoNacionalEcuador contra el #PeorGobiernoDeLaHistoriapic.twitter.com/ktXJ5wXoUK";;;#ParoNacionalEcuador #PeorGobiernoDeLaHistoriapic;"1180319339318263809";https://twitter.com/hijodeabel/status/1180319339318263809
;2019/10/04 22:06;294;577;"Qué bueno que los transportistas levantaron el paro. Ahora todos podremos ir a las marchas en sus cómodas unidades. #ParoNacionalEcuador #EcuadorSeLevanta #YoTambienSoyZangano #NoCreoEnLosMedios";;;#ParoNacionalEcuador #EcuadorSeLevanta #YoTambienSoyZangano #NoCreoEnLosMedios;"1180318426369331200";https://twitter.com/gustavojaraes/status/1180318426369331200
;2019/10/04 22:00;90;129;"AGÉNDELO | ¡No se pierda mañana @lapizarraOK! Estará como invitado @MashiRafael analizando la situación del #ParoNacionalEcuador que se vivió desde el día jueves. ¡Te esperamos 12:00 95.3 #Quito - 94.5 Noroccidente http://pichinchauniversal.com.ec pic.twitter.com/bNntCCg19j";;@lapizarraOK @MashiRafael;#ParoNacionalEcuador #Quito;"1180316680582508544";https://twitter.com/pichinchauniver/status/1180316680582508544
;2019/10/04 21:55;220;203;"Lo que los medios no nos muestran. Transportistas base no están de acuerdo con retirarse del paro. Firmaron acuerdos por temor y amenazas. Medios vendedores de humo. #paronacionalecuador #nocreoenlosmediospic.twitter.com/KWtqUuA3Vr";;;#paronacionalecuador #nocreoenlosmediospic;"1180315494831857664";https://twitter.com/SiguenzaDiana/status/1180315494831857664
;2019/10/04 21:45;517;497;"Esta es la REPRESIÓN DESMEDIDA Y CON MUCHA VIOLENCIA en #Guayaquil de la @PoliciaEcuador y las @FFAAECUADOR en contra del pueblo Ecuatoriano @CIDH @CorteIDH @ONU_es @ILGALAC @CELAC #ParoNacionalEcuador #ParoNacionalEC #YoTambiénSoyZángano @MashiRafael @PaolaPabonCpic.twitter.com/YoUf6tudFr";;@PoliciaEcuador @FFAAECUADOR @CIDH @CorteIDH @ONU_es @ILGALAC @CELAC @MashiRafael @PaolaPabonCpic;#Guayaquil #ParoNacionalEcuador #ParoNacionalEC #YoTambi;"1180313083102863360";https://twitter.com/wgomezr/status/1180313083102863360
;2019/10/04 20:40;228;321;"LA DIRIGENCIA del transporte (sin generalizar a los transportistas), históricamente siempre han declinado sus “medidas de hecho” y jamás fueron eje fundamental de la lucha social... Así de siempre! #ParoNacionalEcuador #YoTambienSoyZangano Vía CONAIE (http://facebook.com/conaie.org/vid )pic.twitter.com/hys4fdwMrB";;;#ParoNacionalEcuador #YoTambienSoyZangano;"1180296787200020480";https://twitter.com/IsmaelUlloa11/status/1180296787200020480
;2019/10/04 20:32;184;215;"Gremio de taxistas desconoce la retirada del #ParoNacionalEcuador de los Transportes Pesados. Según dirigente, ellos continuarán en paro junto a los indígenas, estudiantes y demás gremios sociales en contra el #PaquetazoDeMoreno. https://twitter.com/PrensaBananera/status/1180287773410021378/video/1 …";;;#ParoNacionalEcuador #PaquetazoDeMoreno;"1180294647144501248";https://twitter.com/IndignadosEcu/status/1180294647144501248
;2019/10/04 19:54;98;76;"7 años de Victorias Mi comandante Chávez #7AvenidasYMas imposible no recordar evento tan extraordinario Corazón de la patria Te amamos #4DeOctubre #MovimientoIndigenaEnRevolucion #ParoNacionalEcuador pic.twitter.com/Q2kr6rdZ9i";;;#7AvenidasYMas #4DeOctubre #MovimientoIndigenaEnRevolucion #ParoNacionalEcuador;"1180285071330349057";https://twitter.com/neljulger/status/1180285071330349057
;2019/10/04 19:50;61;100;"Mira narco psicópata @lopezobrador_ Cuando un pueblo se revela contra sus verdugos más vale que pongas tus barbas a remojar y te portes bien No todos los pueblos tienen la misma paciencia que el pueblo mexicano. #ParoNacionalEcuador pic.twitter.com/vgP6DWOM9H";;@lopezobrador_;#ParoNacionalEcuador;"1180284078106525696";https://twitter.com/LilianX07/status/1180284078106525696
;2019/10/04 19:45;118;134;"Los transportistas salieron favorecidos. Les dieron su caramelito y se van contentos. El pueblo sigue jodido y con el pasaje del transporte más caro. Ahora le toca al de a pie, al indignado, al castigado por este gobierno miserable. #Paquetazo #ParoNacionalEcuador";;;#Paquetazo #ParoNacionalEcuador;"1180282809157636096";https://twitter.com/mateoizquierd0/status/1180282809157636096
;2019/10/04 19:17;250;318;"Los transportistas jamás fueron el eje principal de una protesta social... La lucha siempre a sido del Pueblo en las calles. -Tarde o temprano, la dirigencia del transporte iba a declinar, como siempre lo han hecho. #ParoNacionalEcuador #YoTambienSoyZanganohttps://twitter.com/IsmaelUlloa11/status/1180271923516837888 …";;;#ParoNacionalEcuador #YoTambienSoyZanganohttps;"1180275719840120833";https://twitter.com/IsmaelUlloa11/status/1180275719840120833
;2019/10/04 19:17;98;231;"Fracasaron los mafiosos transportistas #ParoNacionalEcuador se toparon con un pueblo dispuesto a levantar este país a punta de trabajo y no se dejaron amedrentar por la jauría de delincuentes que soltaron en las calles . Triunfó el pueblo!! Triunfó el trabajo! @Lenin #Quito 1/2pic.twitter.com/IRKoOtmGsW";;@Lenin;#ParoNacionalEcuador #Quito;"1180275703650177027";https://twitter.com/FranYcaza/status/1180275703650177027
;2019/10/04 19:06;149;82;"#Ecuador Movilizaciones se concentran en la Av. 10 de Agosto. Fuerte represión con gas lacrimógeno y perdigones de goma. Tanquetas persiguen a manifestantes en los barrios. #ParoNacionalEcuador #EcuadorSeLevanta RTpic.twitter.com/3VuS4QKrFH";;;#Ecuador #ParoNacionalEcuador #EcuadorSeLevanta;"1180272896943542272";https://twitter.com/ChalecosAmarill/status/1180272896943542272
;2019/10/04 19:02;885;1204;"No pasa nada, los transportistas levantan la medida (por ahora), pero Ellos no son la parte principal del #ParoNacionalEcuador. pic.twitter.com/62nRa96Eey";;;#ParoNacionalEcuador;"1180271923516837888";https://twitter.com/IsmaelUlloa11/status/1180271923516837888
;2019/10/04 19:00;62;92;"No te creas todo lo que encuentres en redes, aquí te mostramos las #FakeNews de la jornada de hoy del #ParoNacionalEcuador: pic.twitter.com/0M3IibQ1KC";;;#FakeNews #ParoNacionalEcuador;"1180271442841280512";https://twitter.com/LaPosta_Ecu/status/1180271442841280512
;2019/10/04 18:22;1469;1678;"VIDEO | GENIAL! El mejor resumen del caos que en estos momentos vive el Ecuador, provocado por el #PaquetazoDeMoreno. Una vez más, a cargo de @inafinogenova de Russia Today. #ParoNacionalEcuador #KolectiVOZenLasCalles #ParoNacionalpic.twitter.com/bcfnnaNK8o";;@inafinogenova;#PaquetazoDeMoreno #ParoNacionalEcuador #KolectiVOZenLasCalles #ParoNacionalpic;"1180261940477808641";https://twitter.com/kolectiVOZ/status/1180261940477808641
;2019/10/04 18:15;522;1031;"Marcelo Castro, gerente de la Cámara Nacional de Transporte Pesado, anuncia que un grupo de transportistas retomará sus actividades. "El incremento del diésel es necesario y doloroso pero debemos ser parte del cambio", señala. #ParoNacionalEcuador pic.twitter.com/IEasAJ2zCf";;;#ParoNacionalEcuador;"1180260056077651968";https://twitter.com/Expresoec/status/1180260056077651968
;2019/10/04 18:02;163;178;"Señoras de la tercera edad están aquí. #ElPeorGobiernoDeLaHistoria #ParoNacionalEcuador pic.twitter.com/LmphlbsBgU";;;#ElPeorGobiernoDeLaHistoria #ParoNacionalEcuador;"1180256804007219201";https://twitter.com/Heidi_Writes1/status/1180256804007219201
;2019/10/04 17:49;495;724;"#ParoNacionalEcuador CUENCA Estudiantes de la Universidad de Cuenca ACTITUD, ALEGRÍA, CONVICCIÓN Video: @tomebambapic.twitter.com/2VGexHGjC0";;@tomebambapic;#ParoNacionalEcuador;"1180253637416640512";https://twitter.com/mabsegovia/status/1180253637416640512
;2019/10/04 17:20;316;367;"Sectores indígenas se movilizan a Quito en contra de las medidas económicas del régimen de Moreno. #ParoNacionalEcuador pic.twitter.com/RFoBXKOhqP";;;#ParoNacionalEcuador;"1180246445590532096";https://twitter.com/Voces_Ecu/status/1180246445590532096
;2019/10/04 17:19;94;128;"#FueraLeninFuera | Madres, abuelas, hijas, todas ellas Mujeres Indígenas se unen en protesta contra las medidas de @Lenin #Ecuador #FueraMorenoFuera #ParoNacionalEcuador #PLOMO19pic.twitter.com/XAluW7m2uQ";;@Lenin;#FueraLeninFuera #Ecuador #FueraMorenoFuera #ParoNacionalEcuador #PLOMO19pic;"1180246131357339649";https://twitter.com/NicaTuitero/status/1180246131357339649
;2019/10/04 16:58;239;176;"El periodista de @UdlaChannelEc, #IvánLozano, luego de recuperar su libertad, relata que fue agredido por la @PoliciaEcuador durante su detención. "Me dieron toletazos, golpes con manopla, patazos, me botaron la moto encima...". #ParoNacionalEcuador @mariapaularomo @DEFENSORIAECpic.twitter.com/Gedfonr5rd";;@UdlaChannelEc @PoliciaEcuador @mariapaularomo @DEFENSORIAECpic;#Iv #ParoNacionalEcuador;"1180240877438066689";https://twitter.com/EspaciadoraBar/status/1180240877438066689
;2019/10/04 16:47;432;267;"Miren cuánto nos ha retrocedido el gobierno de @lenin y @mariapaularomo... La @PoliciaEcuador usando aparatos de tortura de era medieval contra el pueblo ecuatoriano. Qué sigue, el aceite hirviendo? #FueraLeninFuera #ParoNacionalEcuador #RepresiónEnEcuador #Paquetazopic.twitter.com/ETyj9xSfT5";;@lenin @mariapaularomo @PoliciaEcuador;#FueraLeninFuera #ParoNacionalEcuador #Represi #Paquetazopic;"1180238091963060225";https://twitter.com/AlmaMiaEcu/status/1180238091963060225
;2019/10/04 16:45;122;257;"Además de trabajar, así también salimos adelante. La buena voluntad, cooperación y sacrificio no pueden superar a la justicia y equidad #Ecuador #ParoNacionalEcuador pic.twitter.com/L0vsrANCNn";;;#Ecuador #ParoNacionalEcuador;"1180237535752142848";https://twitter.com/QuejasCuenca/status/1180237535752142848
;2019/10/04 16:28;5469;8114;"¿Ven esas mujeres indígenas marchando? Ellas tumbaron 3 presidentes y son el terror de la oligarquía. Ahí están las madres, abuelas, hijas y sobrinas de todo el Ecuador. Si ya están en las calles es pq le restan pocos días al gobierno de Moreno. #ParoNacionalEcuador pic.twitter.com/f0iUg7mvWL";;;#ParoNacionalEcuador;"1180233317393850368";https://twitter.com/amaurichamorro/status/1180233317393850368
;2019/10/04 16:25;939;848;"Moreno aplica el ajuste del FMI, la respuesta es el #ParoNacionalEcuador, se esconde y reprime. Macri aplica esa misma receta, la pobreza en más de 35% y va a la derrota electoral. El modelo de las derechas lleva al mismo resultado. ¿El próximo es Brasil? #04Oct";;;#ParoNacionalEcuador #04Oct;"1180232474288361472";https://twitter.com/Marco_Teruggi/status/1180232474288361472
;2019/10/04 15:56;168;171;"Iván Lozano, estudiante de periodismo de @UdlaChannelEc fue detenido por la Policía. ¿Su delito? Cubrir las protestas para su medio de comunicación. Esto se les está pasando de las manos a las autoridades, @mariapaularomo. #ParoNacionalEcuador #ParoNacional #ParoDeTransportepic.twitter.com/CPK2ILkSHW";;@UdlaChannelEc @mariapaularomo;#ParoNacionalEcuador #ParoNacional #ParoDeTransportepic;"1180225078186926081";https://twitter.com/radiolacalle/status/1180225078186926081
;2019/10/04 15:55;1177;873;"En Guayaquil, entre ayer y hoy el saco de papa chola subió de 38 a 48 dólares. El saco de choclo de 18 a 30 dólares. El saco de limón de 25 a 45 dólares. Por alguna extraña razón, la reportera del canal incautado TC Televisión eliminó este video. #ParoNacionalEcuador pic.twitter.com/nbw4XcZuBv";;;#ParoNacionalEcuador;"1180224911324913665";https://twitter.com/Alejita92Navas/status/1180224911324913665
;2019/10/04 15:53;484;666;"Valiente no es quien apoyado por los grupos de poder atenta contra el pueblo, valiente somos las y los estudiantes en las calles, luchando. #ParoNacionalEcuador pic.twitter.com/HFSP0f6Hvh";;;#ParoNacionalEcuador;"1180224469236961280";https://twitter.com/coraje_ecu/status/1180224469236961280
;2019/10/04 15:47;930;713;"Nos est!á matando la dictadura de @Lenin Moreno. @CIDH @Pontifex_es #ParoNacionalEcuador pic.twitter.com/dgYHSDiU0X";;@Lenin @CIDH @Pontifex_es;#ParoNacionalEcuador;"1180222924239843328";https://twitter.com/KatyCoronel1/status/1180222924239843328
;2019/10/04 15:47;265;206;"#ULTIMAHORA Se los dije o no se los dije? Sucede en Cuenca, Quito, #Ecuador. Efectivos militares apostados en la zona retiran su respaldo al gobierno de @Lenin Moreno #ParoNacionalEcuador PD: Liberen a Jorge Calderón VAMOS A HACERLO VIRAL https://twitter.com/RalitoDigital/status/1180221346049077248/video/1 …";;@Lenin;#ULTIMAHORA #Ecuador #ParoNacionalEcuador;"1180222870066208768";https://twitter.com/ChalecosAmarill/status/1180222870066208768
;2019/10/04 15:27;224;223;"#ParoNacionalEcuador Gobierno #MorenoNebotLasso cada vez más muestra su tendencia neofascista. Arremete contra el pueblo que protesta contra medidas económicas que empobrecerán a millones de familias ecuatorianas! Sin banderas políticas pero con dignidad, el Pueblo se levanta!pic.twitter.com/CIjGAtwjLS";;;#ParoNacionalEcuador #MorenoNebotLasso;"1180217947190681600";https://twitter.com/esthercuestasan/status/1180217947190681600
;2019/10/04 15:23;2513;1765;"INDIGNANTE | Policías huyen después de herir a bala a una persona sin prestarle el debido auxilio. #ParoNacionalEcuador pic.twitter.com/Tqa7bkd1HW";;;#ParoNacionalEcuador;"1180216946261975043";https://twitter.com/amaurichamorro/status/1180216946261975043
;2019/10/04 15:13;413;416;"#Urgente | Manifestantes se toman las antenas del Pilisurco, la medida ha sacado del aire a varias estaciones de radio en FM y canales de televisión en Ambato. #MeDuelesEcuador #ParoNacionalEcuador #FuerzaEcuador Video: Radio Centropic.twitter.com/BfSlixzLNY";;;#Urgente #MeDuelesEcuador #ParoNacionalEcuador #FuerzaEcuador;"1180214433861255169";https://twitter.com/LEXKANDER/status/1180214433861255169
;2019/10/04 14:29;309;344;"VIDEO | #EstoyCabreado, y más aún con el #Paquetazo. #ParoNacionalEcuador #ParoNacional #MovilizacionNacional #EcuadorEnResistencia #KolectiVOZenLasCalles #PaquetazoDeMorenopic.twitter.com/J02EIT1CKY";;;#EstoyCabreado #Paquetazo #ParoNacionalEcuador #ParoNacional #MovilizacionNacional #EcuadorEnResistencia #KolectiVOZenLasCalles #PaquetazoDeMorenopic;"1180203388576944128";https://twitter.com/kolectiVOZ/status/1180203388576944128
;2019/10/04 11:17;332;403;"#MovilizaciónNacional | Tod@s nos manifestamos contra el PAQUETAZO de @Lenin Moreno. Viernes 04 de octubre a las 17:00, Monumento a Simón Bolívar frente al Banco Central, Quito. ¡Somos firmes, o se cae el paquetazo o se cae el Gobierno! #SeVieneElEstallido #ParoNacionalEcuador pic.twitter.com/nyXuFpZyLY";;@s @Lenin;#Movilizaci #SeVieneElEstallido #ParoNacionalEcuador;"1180154945066164224";https://twitter.com/CompromisoRC/status/1180154945066164224
;2019/10/04 11:04;101;180;"Pilas gente no se deje engañar por la mafia de los transportistas #ParoNacionalEcuador pic.twitter.com/uXDkpsbG9b";;;#ParoNacionalEcuador;"1180151664633929728";https://twitter.com/GordoMartinez77/status/1180151664633929728
;2019/10/04 11:00;606;644;"#URGENTE | Ciudadanos dejan en evidencia el periodismo parcializado de la reportera Valería Villaruel de @EcuadorTV Claro ejemplo de que los medios de comunicación están ocultando la verdad. En #NotiBien NO SOMOS ALCAHUETES, INFORMAMOS CON LA VERDAD. #ParoNacionalEcuador pic.twitter.com/uPJi793GSj";;@EcuadorTV;#URGENTE #NotiBien #ParoNacionalEcuador;"1180150603248521217";https://twitter.com/notibien/status/1180150603248521217
;2019/10/04 10:56;578;672;"QUE TAL CARADURAS @tctelevision Medios Corruptos Homogénicos del Ecuador, tienen pensado en censurar las NOTICIA, buscan tergiversar y ocultar la verdad para, librarse de muchas investigaciones de Corrupción que apuntan al Gobierno de @Lenin Moreno. #ParoNacionalEcuador pic.twitter.com/khewFOj3dC";;@tctelevision @Lenin;#ParoNacionalEcuador;"1180149613103386624";https://twitter.com/Jhon_frank34/status/1180149613103386624
;2019/10/04 10:53;206;411;"Afortunadamente tengo un buen empleo. Pero no por ello señalo a quienes salen a las calles como “vagos, violentos”. “Ecuador necesita trabajar”, dicen indignados. Claro que lo necesitamos, pero de una forma digna y justa. Sal de tu privilegio y tu burbuja. #ParoNacionalEcuador pic.twitter.com/KcMRqUzxCM";;;#ParoNacionalEcuador;"1180148920242118661";https://twitter.com/Anipacha/status/1180148920242118661
;2019/10/04 10:45;228;414;"Vivanco y Boscan no están cubriendo las movilizaciones, no por la pauta sino porque saben que les sacan la madre si los ven ahí metidos. Ademas, no conocen esos barrios, se vayan a perder. #ParoNacionalEcuador";;;#ParoNacionalEcuador;"1180146835412914176";https://twitter.com/mateoizquierd0/status/1180146835412914176
;2019/10/04 10:41;300;240;"Donde están los gobiernos internacionales para condenar este atropello hacía el pueblo de Ecuador? Lenín Moreno renuncie. Por una Latinoamérica libre y soberana HLVS #ParoNacionalEcuador pic.twitter.com/rt0TnLRpsL";;;#ParoNacionalEcuador;"1180146046934175744";https://twitter.com/14capo/status/1180146046934175744
;2019/10/04 10:27;70;77;"No se confunda Sra. Romo a nosotros si nos enseñaron que cuando la tiranía es ley, la revolución es orden! Algo que evidentemente a su universidad le falta por saber... #FueraLeninFuera #FueraRomo #FueraTraidores #ParoNacionalEcuador #PaquetazoDeMoreno #UCESeDefiendepic.twitter.com/hxJSqJU6E1";;;#FueraLeninFuera #FueraRomo #FueraTraidores #ParoNacionalEcuador #PaquetazoDeMoreno #UCESeDefiendepic;"1180142481557610496";https://twitter.com/TatianaMParraC/status/1180142481557610496
;2019/10/04 10:26;136;166;"Este señor policía debe ser separado de la institución y sancionado por atropellar con alevosía y premeditación a un ciudadano indefenso. #ParoNacionalEcuador pic.twitter.com/qyN0PR3VZ3";;;#ParoNacionalEcuador;"1180142027666857987";https://twitter.com/CARLOSCAHUASQUI/status/1180142027666857987
;2019/10/04 10:25;237;280;"NO somos golpistas, somos ciudadanía indignada d Ecuador ejerciendo el dcho a la protesta frente a un gobierno q actúa contra el pueblo. Aquí lo cuento,gracias @ctxt_es x romper el cerco mediático y ayudarnos a difundir la verdad dl #ParoNacionalEcuador https://ctxt.es/es/20191002/Firmas/28701/Ecuador-Lenin-Moreno-neoliberal-America-Latina.htm …";;@ctxt_es;#ParoNacionalEcuador;"1180141919575429120";https://twitter.com/AdoracionGuaman/status/1180141919575429120
;2019/10/04 10:18;72;65;"Pablo Zambrano, presiente de la Cámara de Industrias y Producción, asegura que por la paralización del 3 de octubre las pérdidas en el sector industrial ascienden a $ 261 millones. #ParoNacionalEcuador pic.twitter.com/NbHx6kvZDF";;;#ParoNacionalEcuador;"1180140130385977345";https://twitter.com/Expresoec/status/1180140130385977345
;2019/10/04 10:16;43;91;"Esta es la forma de vencer el cerco mediático de la pren$a. Digan el nombre de esa srta. que avergüenza al periodismo @MashiRafael #ParoNacionalEcuador #ParoDeTransportadorespic.twitter.com/N8bMDwpScA";;@MashiRafael;#ParoNacionalEcuador #ParoDeTransportadorespic;"1180139738604417026";https://twitter.com/Israel7Calderon/status/1180139738604417026
;2019/10/04 10:06;1094;1366;""Haber declarado #EstadoDeExcepción demuestra que el gobierno (de Moreno) está temblando y con miedo a un pueblo que se levanta, no aceptamos #medidaseconomicas. Hoy viernes #04Oct sigue el #ParoNacionalEcuador" [Dirigente Mov. Indígena]. #FuerzaEcuador #ParoNacional #Paquetazopic.twitter.com/OSrbrGhMCF";;;#EstadoDeExcepci #medidaseconomicas #04Oct #ParoNacionalEcuador #FuerzaEcuador #ParoNacional #Paquetazopic;"1180137187549024258";https://twitter.com/kolectiVOZ/status/1180137187549024258
;2019/10/04 10:00;66;81;"A esta hora en el Centro Histórico de Quito, calle Venezuela y Sucre grab despliegue militar y policial. Se evitará el ingreso de manifestantes para resguardar el patrimonio. #ParoNacionalEcuador #ParoDeTransportepic.twitter.com/ohH6SM1usU";;;#ParoNacionalEcuador #ParoDeTransportepic;"1180135590559469568";https://twitter.com/revistaPlanV/status/1180135590559469568
;2019/10/04 07:14;125;33;"En el #DiaMundialDeLosAnimales saludamos a estas bestias que se van todas por un barranco, tratan de usar paramilitares y fuerzas represoras leales para no hundirse, pero en su día les decimos: S E S E CA R O N #MovimientoIndígenaEnRevolución #ParoNacionalEcuador pic.twitter.com/KcasVXx4l9";;;#DiaMundialDeLosAnimales #MovimientoInd #ParoNacionalEcuador;"1180093873776971776";https://twitter.com/Cclapmirandaofi/status/1180093873776971776
;2019/10/04 07:13;221;335;"Vine soplado a Guayaquil para evitar que el pueblo me bote como a perro de Carondelet. Estoy cagado del miedo y no consigo una silla voladora, por si tengo que huir del país. Yo le digo No al #ParoNacionalEcuador porque estamos #DecididosACrecer la economía de mis panas.pic.twitter.com/HdeVHfw14o";;;#ParoNacionalEcuador #DecididosACrecer;"1180093568796561408";https://twitter.com/Lerdin_Cuantico/status/1180093568796561408
;2019/10/03 23:13;117;236;"Las y los estudiantes fueron los primeros en movilizarse de forma organizada. Y aquí la bandera que a muchos correístas les quitó la sonrisa. Ni @Lenin Ni @MashiRafael La Lucha es del PUEBLO #ParoNacionalEcuador pic.twitter.com/86H2RBncoH";;@Lenin @MashiRafael;#ParoNacionalEcuador;"1179972738032836608";https://twitter.com/VAndresQuishpe/status/1179972738032836608
;2019/10/03 21:36;129;92;"Policías montados obligan a un grupo de jóvenes a salir de un local de comida rápida en #Cuenca. A algunos les golpearon con el látigo que usan con los caballos. #ParoNacionalEC #ParoNacionalEcuador #ParoDeTransporte #MovilizaciónNacionalpic.twitter.com/6n1bBPV4yQ";;;#Cuenca #ParoNacionalEC #ParoNacionalEcuador #ParoDeTransporte #Movilizaci;"1179948421635022848";https://twitter.com/jfbeltranr/status/1179948421635022848
;2019/10/03 20:45;61;125;"Y #Quito lo hizo. @Lenin ahora está en #Guayaquil. Salió de Carondelet porq las fuerzas vivas empezaron a respirarle en la nuca. «Cuando un pueblo enérgico y viril llora, la injusticia tiembla». #ParoNacionalEcuador";;@Lenin;#Quito #Guayaquil #ParoNacionalEcuador;"1179935553132908544";https://twitter.com/alissita/status/1179935553132908544
;2019/10/03 18:19;65;76;"#ParoNacionalEcuador : Se registran protestan en Avenida Malecón e Illingworth, en Guayaquil. Manifestantes se aglomeran en los exteriores del edificio de la Gobernación. Personal de la Policía resguarda la zona. Video: @Blankimonkipic.twitter.com/3SdBdJwmo2";;@Blankimonkipic;#ParoNacionalEcuador;"1179898727957434369";https://twitter.com/DiarioExtraEc/status/1179898727957434369
;2019/10/03 14:01;118;140;"Ahora: #ParoNacionalEcuador Asi manifestantes se dirigen al palacio de gobierno. En todo el país se realizan fuertes protestas contra Lenin Moreno. pic.twitter.com/U8vu2nM5aB";;;#ParoNacionalEcuador;"1179833911737761792";https://twitter.com/Chileokulto/status/1179833911737761792
;2019/10/03 12:00;4;8;"Renuncia maldito inepto, mira que lo causas maldito traidor #quito #ecuador #ParoDeTransportadores #paronacionalecuador #paronacionaldeconductores @Lenin @MashiRafaelpic.twitter.com/gv7abYocqL";;@Lenin @MashiRafaelpic;#quito #ecuador #ParoDeTransportadores #paronacionalecuador #paronacionaldeconductores;"1179803445068550145";https://twitter.com/dexterpons/status/1179803445068550145
;2019/10/03 09:19;0;1;"A echar patada! Ecuador vive un día de paralización de la transportación pública, medida tomada en rechazo al aumento de la gasolina. Foto: Marcos Pin #paronacionalecuador #paronacional #sinbuses #parodetransporte #guayaquil #ecuador #parodetransportistas #LeninMorenopic.twitter.com/YcehjEOauh";;;#paronacionalecuador #paronacional #sinbuses #parodetransporte #guayaquil #ecuador #parodetransportistas #LeninMorenopic;"1179762937382219776";https://twitter.com/peterparker225/status/1179762937382219776
;2019/10/02 21:34;1;0;"#ParoNacionalEcuador https://twitter.com/ABZEVALLOS/status/1179583779507249153 …";;;#ParoNacionalEcuador;"1179585539105853441";https://twitter.com/allisonazul/status/1179585539105853441
;2019/10/02 20:53;0;0;"Importante: ante el anuncio de la paralización del servicio de transporte público se suspende la asistencia a clases. #Movilizaciones #ParoNacionalEcuador #MovilizacionNacional #SuspensiónDeClasespic.twitter.com/ZtEZBgQhT5";;;#Movilizaciones #ParoNacionalEcuador #MovilizacionNacional #Suspensi;"1179575077014294529";https://twitter.com/maritzarobalino/status/1179575077014294529
