user,Nodes,Ways,Relations
Patchi,74119,3783,12
seichter,43883,7731,7
Cascafico,41168,8919,9
piaco_dk,38876,7967,0
johnyfelipe,37433,7819,3
David Rule,35544,3999,4
Lorena Burbano,34475,6250,0
GeoFrizz,33053,7225,0
mjgk,29960,4359,0
D_i_m,29290,5463,2
cucu,29079,5299,2
zwombie,28617,2935,3
vichada,27862,5146,3
Que82,26979,2623,0
Dewi Sulistioningrum,26395,2186,0
LLAQWA,24874,2980,21
juane90,21208,3764,1
linap,20426,3030,0
Athalis,20145,2519,7
tonybendell,17311,2526,0
jose_ecu,17256,1598,0
Nedran,16950,2182,3
luiswoo,16657,556,0
Luis36995,16533,4217,0
raniedwianugrah,15742,2643,0
seike_,15739,2204,0
Sebastián Oviedo,15319,3053,0
jharps,13162,2154,5
eireidium,12919,1441,0
parukhin,12359,1741,0
de vries,12321,1524,1
LSot,12292,855,2
carfog81,11752,907,7
karitotp,11546,2674,1
Johnwhelan,11463,1833,0
25or6to4,11441,1097,0
SandiaPixel,11393,1458,1
hebolz,11307,1095,0
dcaaveiro,11178,555,0
RichRico,10891,3062,0
JuanCarlosCalderon,10755,2416,0
Hernan,10020,1848,0
temporalista,10007,1704,1
Liz KOS,9682,646,0
kingrollo,9665,557,1
rab,8958,1252,3
charel-e,8949,1745,0
PierZen,8861,743,0
miniwark,8847,742,8
rlaurentinus,8546,1233,0
gwmath,8538,1192,0
samely,8058,1662,2
edtha,7857,1424,0
kittitorn,7758,1491,0
mltt,7559,1673,0
mcyc,7444,1242,1
Ben Allard,7150,1214,0
DannyAiquipa,7069,1468,0
tekim,7060,490,1
SReed,7053,1203,0
bohnenstange,6928,902,0
calfarome,6818,1454,0
Lamsbach,6787,912,0
Adrixza,6716,690,0
josepgesti,6546,819,0
maptos,6525,1271,0
hansemann1234,6478,1529,0
litlplastkastl,6238,1012,0
rene78,6102,845,0
Ecuador Tur,6068,345,0
AngocA,5978,1017,0
ediyes,5859,1261,1
Bonix-Mapper,5693,1091,7
Saskia_Arup,5673,796,0
Xavier Riofrio,5666,1106,0
LeTopographeFou,5662,1048,0
funk_soul_brother,5555,851,0
JinethRZ,5528,694,0
Pierre Mirlesse,5372,1285,0
arnau_valencia,5371,711,2
Mar Mar,5318,345,0
Polyglot,5259,470,0
fabrey,5229,1128,0
mgermanw,5200,770,0
fmoine,5187,1049,0
Michael Boyles,5150,475,0
Graeme Herbert,5133,756,0
Super-Map,5094,1011,0
monyk,5047,1111,0
aba2015,5004,939,0
Philippe Sampont,4973,616,0
niet_o_rellana,4962,1255,0
Flawsome,4769,327,0
yann31,4765,655,0
derFred,4658,1035,0
Maxmor,4655,395,0
lanxana,4623,1230,0
andygol,4602,83,0
johnarupire,4525,1103,0
Vincent Bombaerts,4455,841,0
cobayotech,4443,645,1
Sunfishtommy,4425,469,4
phin,4348,536,0
delfin_6,4302,993,0
JeopardyTempest,4202,891,0
RAytoun,4164,661,0
jpovedaf,3980,969,0
crisv,3968,989,1
aero97,3956,994,0
ninjamask,3944,402,0
mapwitch,3934,237,0
agranizo,3824,450,1
Blarneystone,3819,821,0
Alan Bragg,3787,735,0
christtatao,3725,179,0
Zerrossetto,3556,651,0
twirth,3533,352,0
geo51,3526,312,0
Daniel Specht,3423,834,1
diarodriguezva,3400,675,0
dkunce,3387,393,0
Ricardo Rengel J,3377,313,0
James Michael DuPont,3363,556,3
Leonardo Gutierrez,3353,597,0
Karisa,3346,1113,0
Ximefeer,3299,454,0
gavg712,3293,269,0
Takuto,3263,389,0
colargol,3242,421,0
hulagirl14,3236,125,0
dkunce_import,3206,1891,0
NathalieCeron,3158,359,0
Gaby Ayala,3157,333,0
JuanPablo Sur,3118,1004,0
marysita,3089,792,0
Jen Vargas,3051,74,0
Sajjadsapan,2991,667,0
aufachse,2952,665,0
monicarivera,2944,648,2
JuliaK2016,2934,34,0
eul,2932,507,0
Picea abies,2903,482,0
escada,2876,923,0
tomasy,2874,316,3
bus-mt,2832,489,0
Mandy Aviva,2801,500,0
Jorge López,2765,262,0
CecRemy,2745,528,0
sobaba,2740,379,0
marysiguencia,2734,636,0
PabloAndrés,2729,513,0
Mythdraug,2723,419,0
DiGro,2708,219,0
Scare!,2694,314,0
Joluaros,2691,481,0
Bishal9841,2677,140,1
jenjereren,2674,489,0
Ximena Karina,2668,964,0
AndreaParraU,2640,596,0
skoullias,2555,89,0
CORNELIO MERCHAN,2530,434,0
lazyphoton,2522,304,0
Diego Krein,2504,136,0
Katherine90,2504,472,0
nobeeakon,2487,654,0
ErikJ,2469,195,0
Suidakra,2469,355,0
wegavision,2444,97,0
tropiskstorm,2423,260,0
StephaneP,2417,208,0
pedrito1414,2401,495,0
OSM_MGT,2399,419,0
Marcussacapuces91,2398,260,1
MarkoKallio,2378,379,0
Skydiver Jim,2336,204,0
amilopowers,2308,428,0
moenk,2306,207,0
EPN Alvaro Ignacio,2260,292,0
mingo23,2253,261,0
Johnny Mapperseed,2223,253,0
chellect,2216,410,0
Yann Vandamme,2171,528,0
ikiya,2165,179,0
Kathyaus,2144,116,0
Jose Luis Infante,2142,220,0
mfer,2137,436,0
Linda Rens,2119,539,0
Jessica Paccha UTPL,2116,405,0
Pacolo,2099,346,0
ArchplanCS,2098,472,0
michael63,2076,442,0
AndrewBuck,2055,303,0
Speedy55,2053,307,0
Roger Romero UTPL,2043,509,0
sushi_klaus,2043,450,0
Joa_quiin,2037,339,0
ROJLP,2035,185,0
manings,2019,180,0
alejop88,2015,567,0
oarojasg,2009,188,0
MeghaShrestha,1991,392,0
Владимир К,1980,282,1
Kioska Journo,1976,327,0
quark21,1957,294,0
danielopezh,1934,172,0
eglatorre,1932,243,0
Gary Hayden,1919,205,0
citsbar,1918,106,0
Porphyrion,1917,172,0
Xavier Bruffaerts,1916,390,0
Caz_Steer,1910,364,0
mmahmud,1882,365,0
EPN-Nelson,1847,154,0
mapeadora,1846,341,0
aeastw,1839,280,0
CaptBeth,1826,143,0
Polarbear,1824,135,0
FelipeGoni,1822,485,0
malenki,1814,50,2
Kristien Fransen,1805,416,2
desterrado,1801,248,0
Parassrest,1794,253,0
manuelmax,1793,90,0
Moises Gualapuro,1780,153,0
LB4FH,1775,201,0
mondadores,1768,278,0
ivencio,1759,383,0
martiensch,1735,228,1
Kiarmy,1704,401,0
Antonio Garzón,1703,303,2
tastrax,1694,133,0
GCarrion03,1690,476,1
Danny515,1685,169,0
giomaussi,1663,752,0
Christian_Rivera,1649,420,0
anyazb,1644,124,0
Pattersonavh,1644,323,0
Jandradeb,1635,199,0
JJCool,1630,132,0
Chris_353,1629,257,0
Rub21,1623,358,0
Chuchito Morales,1620,358,1
tshedy,1611,115,0
julio saransig,1610,251,0
CarolinaMon,1609,309,1
wislander,1608,241,0
mcarto,1607,515,0
Gabby03,1593,173,0
NLickteig,1592,153,0
Tar_heel75615,1589,273,0
Eysler,1576,104,0
gabrielav,1566,218,0
Ferchino83,1554,4,0
stradeo,1537,295,0
Angel Oswaldo Vázquez Patiño,1533,181,0
dbusse,1517,1208,3
MKnight,1517,296,0
Wouter Hantson,1498,249,0
dato86,1490,214,0
Alegria,1477,187,0
CRodS,1469,249,0
sjespinosap,1464,178,0
ramyaragupathy,1459,134,0
Jsalba,1458,128,0
ar_osmap,1457,261,0
Zach Byars,1454,226,1
Jacahi,1423,150,2
n1221,1419,324,0
ruthmaben,1419,121,0
joukop,1415,153,0
Esteban0206,1404,144,0
Jesús Gómez,1401,100,0
dammym,1400,143,0
Limarice,1391,358,0
KeatonAlan,1382,266,0
die_sophie,1363,185,0
moreslap,1351,214,5
korky99_04,1349,133,1
anders_ar,1348,315,0
GuyVV,1345,311,0
pratikyadav,1340,183,0
franzpc,1337,276,0
Heinz,1333,206,0
Andre Engels,1329,137,0
Palolo,1322,198,0
Stefansl,1320,202,0
constantinogaga,1307,152,0
vechocho,1305,126,1
Mika77,1304,248,0
Arturo López Ramírez,1299,72,0
avinicio,1275,327,0
VeroVasquez,1271,312,0
Mir76,1267,70,0
turion,1261,312,0
JimmyCunningham,1260,158,0
Katie Murphy,1256,301,0
Vir-VR,1251,387,0
AbbySaladino,1248,142,0
Emilia2,1231,151,0
ToniMapper,1226,270,0
jne,1221,227,0
Ancymon,1217,146,0
alexisdavila,1216,320,0
West Lake,1216,49,0
jBeata,1214,254,0
awReimer,1205,216,0
aordonez,1202,353,0
carlislemr,1196,175,0
Liz G,1187,81,0
Fringillus,1186,117,1
JYL45,1173,155,0
Ángel Adonis,1169,1,0
Frank Seg,1169,115,0
Ricardoutpl,1169,391,0
Dampee,1168,141,0
KariCab,1166,52,0
xf_,1159,250,0
dcp,1158,64,0
Juan Miguel Espinosa Soto,1156,338,0
KeumpSeattle,1148,202,0
Nodes&Roads,1144,87,0
Kathleen Cade,1140,198,0
fx99,1136,70,0
Raivara,1131,225,0
Fernando12131415,1127,253,0
Husselsg,1125,26,0
Paul McCombs,1113,72,0
NKuntz19,1106,44,0
rmulbry,1100,1096,0
Jossue,1099,365,0
Pablo Almeida,1097,85,0
mzve,1094,122,0
NicoChiDt,1088,277,0
Castec Ecuador,1087,50,0
PaulinoVallejo,1087,247,0
EPN_Dayana_Herrera,1082,210,0
rwst,1082,60,0
kevin ceavllos,1081,237,0
Maga_S,1078,244,0
Federico Mena Quintero,1077,237,0
eufchen,1074,129,0
NancyRVH,1072,31,0
BLytle,1070,76,0
andrew_dc,1067,116,0
Alfredo Guallpa,1062,218,0
davkho,1060,237,0
ahenley,1051,252,0
carigeo,1050,189,2
SterlingGIS,1048,210,0
saliousoft,1046,176,0
fagguslav,1043,71,0
tonoarmas,1042,177,0
Nuria Pastor,1034,189,0
kaxtillo,1031,199,0
dclarks,1025,109,0
daugman,1023,27,0
one_half_3544,1020,124,1
EPN-MarlonV,1014,166,0
AloysI,1010,90,0
henri_l,1009,98,0
zehpunktbarron,1008,172,0
Ares Guerra Soler,1007,168,0
Cartogis,1007,100,0
pgiraud,995,174,0
Jesús Abad,991,229,0
nosnaj,989,50,0
norpentar,985,200,0
ThibPhil,984,244,0
Emilio Gomez,980,69,0
brandon97utpl,979,468,0
Andrew Rickard,978,178,0
Rps333,969,57,0
Jcueva,966,38,0
garrityc,964,69,0
marek kleciak,962,222,1
Ruru2,962,34,0
josepfloyd,957,13,0
krupsutpl,957,156,0
Pablo Maquizaca,954,88,0
Carlos Brys,947,111,0
Carlos Idrovo,947,37,0
sudiebrown,945,244,0
Maia Call,942,245,0
maze2p0,940,55,0
Jhonnny Trelles,939,205,0
Madison Campbell,938,99,0
Alejo92,933,73,0
pinaco7,932,93,0
yoanna_,929,152,0
Susana Ordoñez,927,312,0
Andreirvidis,926,92,0
sethsigns,925,83,0
aboges26,924,11,0
Josual,924,119,0
sophcryan,914,151,0
TheJayOfOh,906,84,0
Juank7,904,161,0
Mslopez5,899,54,0
poornibadrinath,899,104,0
sebasvanegasb,896,244,0
Melody Ortega,895,72,0
Bijay-Karki,893,40,0
kazeem,880,76,0
gabry501,878,153,0
LUISTOB,878,227,0
adeubank,877,50,0
Juank Gordillo,877,143,0
olt,877,136,0
ekeshkekesh,872,87,0
switch94,871,42,0
luis esteban,870,166,0
Bardarboomga,868,187,1
lucianmanescu,867,59,0
jessisena,865,218,0
Daniela2,861,173,0
Gabriela Segovia,861,153,0
timdag,860,213,0
EstefaníaMoscoso,849,102,0
mueschel,847,120,0
EduardoLV,846,76,0
Chase Allen,844,83,0
sophs74,838,255,0
sarahschmitty17,836,199,0
Herrero85,835,82,0
Benj Osito,833,177,0
JO_EC,832,303,0
jay-ar,829,100,0
Claudia Goor,827,168,0
marioguillen1,824,57,0
LordOfMaps,823,61,0
sammy 25,818,71,0
CPlinius,817,100,0
Helmchen42,817,44,0
heinea,816,74,0
tasauf1980,809,173,0
Maximoose,805,83,2
marlonutpl,800,191,0
Miri_,797,144,0
Felix-Sz,792,110,0
Michi,790,154,0
maxburton,787,65,0
JimmySIGza,786,78,1
inmarpa,785,243,0
Hagellach37,784,118,0
miguejd,781,58,0
zoedavis,778,197,0
brublanc,776,27,0
AlfaroAndrade,770,221,0
esteban_villamizar,770,130,0
Javier Michael Chamba Torres,770,64,0
Batilda,769,170,0
Geoplace,765,51,0
Francisco Campillo Latorre,759,104,0
henrybriian,757,81,0
EPN Kenny López,755,153,0
lbburnsy,755,38,0
SilviaDee,753,156,0
Arsène,751,197,0
Danilo Mejia Coronel,751,34,0
Hans Ongbrian,750,152,2
Lenin Orellana,750,159,0
bolollo,747,133,0
gendy54,746,209,0
Long Friday,746,121,0
Fontaciera,744,102,0
Dougie The One and Only,741,109,0
Andrw,737,210,0
carlpineda,737,135,0
JEANMOSQUERA,736,226,0
psrod,736,127,0
Gill Rodger,735,38,0
Twun,735,67,0
Titutitu,733,31,0
somethingsimple,732,25,0
XuRxO,732,241,0
Xandva158,729,84,0
luisgomez,726,77,0
wilbuz,725,161,0
DavidLeo,722,63,0
Sawan Shariar,722,182,0
uhliesuh,719,70,0
JasnaBudhathoki,718,209,0
altcc,716,133,0
ANDREA ol,712,98,1
TJRevan,712,2,0
anacristinam89,708,139,0
Nishank,707,39,0
arturogutipi,704,128,0
martinzhindon,703,70,0
Yohanautpl,701,257,0
SimonPoole,700,57,0
johnm,699,23,0
Santiago04,696,44,0
Kelli Daniels,695,127,0
FulgenCanovas,694,138,0
adrianfdez57,686,111,0
jamesmillington,686,37,0
Isis Gómez,684,41,0
geoglrb,679,55,0
Francisco Monsalve,678,143,0
DiegoP,674,122,0
Epn Jose,674,41,0
ElliottPlack,672,107,0
JessieZ,671,147,0
Ruby Macas,666,20,0
bhousel,665,171,0
Antonio Rodríguez Garcés,663,95,0
Jelenna93utpl,660,157,0
LeoPendergraft,660,81,0
Marynia,660,69,1
tato_benavidez,660,348,0
Sydney Gore,658,53,0
SBassett,655,51,0
tunnelbauer,654,7,0
Thomas Hills,650,121,0
lottf,649,78,0
Leah,648,60,0
Eduardo Tacuri,647,24,0
sebas27x,645,0,0
Ruffus,643,102,0
GoUtes!,641,69,0
raddevelopment9,640,129,0
Danielsarangoutpl,638,112,0
ad_mil,637,108,0
Edison Ayo,637,110,0
Alexander Nieves,636,185,0
vademecum,635,66,0
rachlynn,633,173,0
cquest,632,77,0
AndreaGQ,630,33,0
ianttusmith,629,62,0
Natalia Valarezo,629,67,0
Byron_,627,175,0
Fearandir,626,98,0
RoadMapsYou,626,107,0
51114u9,623,73,0
Cris Duran,623,152,0
Fabian Espinoza,622,95,0
MartinAlban,622,65,0
Ronald_UTPL,622,124,0
jwetzig4,620,67,0
andeedwa,619,22,0
anita88lopez,618,66,0
Lani_Martin,616,90,0
_yog,612,156,0
Geofreund1,612,82,0
Kuinsy,612,114,0
LUIS LEONARDO RÍOS,610,108,0
Adalid  Agreda,607,60,0
franklin Chuncho,606,102,0
MAGAP - Fabian Luna,605,150,0
jjvillavicencio,604,61,0
Yuriutpl,604,175,0
Zero_14_14,603,64,0
Pao Atariguana,600,136,0
schmidkr,600,172,0
Jojo4u,599,58,0
Marius5000,599,91,0
Allyutpl,598,95,0
delatorre89,598,107,0
BrigitteUTPL,596,157,0
nammala,596,147,0
pattyperaltautpl,595,93,0
Ximelu24,588,148,0
Andresjack,587,101,0
parrajuandg,583,2,0
ludivinelavaert,582,28,0
Nioigte,578,125,0
simone falzoi,577,142,1
Danny-Micro-chip,576,31,0
blarsonGIS,575,136,0
Enric-sueca,574,93,1
Villodie,573,33,0
Ana94,571,87,0
Claudia Arroyave,571,33,0
hola_mruiz,571,321,0
OmarLandy,571,57,0
mpan,570,95,0
Belen 2016,569,95,0
wulankhairunisa,569,129,0
ByronGB,568,78,0
Julian Lozano,568,97,0
DNASWE,567,23,0
pyritedigger,567,99,0
Mapanauta,565,98,0
cdrasher,563,104,0
Alexis Amagua,561,145,0
fmvaldezg,560,201,0
Paul Esteban,560,4,0
mwilliams3,559,10,0
Lenin Torres,558,102,0
Nathalie Santamaria,558,127,0
Geo1605,556,78,0
psegundo,556,75,0
Rafatandrade,554,45,0
Jorgeutpl,553,127,0
nqpenelope,553,130,0
[LM]MIZ,550,68,0
astronautt,549,30,0
carolineutpl,543,69,0
grovduck,540,36,0
Nosfferatuu,540,58,0
Oriol1392633,538,67,0
geografoaplicado,536,118,0
GISCrow,535,114,0
mariaca52,535,208,0
reschult,534,31,0
Alfredo Pérez-Morales,529,81,0
Alitagc,526,113,0
danbjoseph,525,93,0
oini,525,28,0
PavelArup,525,52,0
barbieriiv,524,62,0
AlexAguirre,523,47,0
Dania Crespo Mora,522,85,0
Frank fra Bergen,522,118,0
Diego Morocho,521,21,0
KarolaMitK,521,189,0
Ana Teresa Rosales Rodríguez,520,57,0
SuzanneSy,520,63,0
Wim L,520,37,0
Esquimaux,519,120,0
Justin Bosler,519,21,0
Santiago_GU_Ca,519,7,0
Cristian Córdova,518,139,0
M_Vizcaino,516,66,0
Truman Cueva L,516,70,0
Anderson Montoya,515,27,0
Mari Dani,514,130,0
EPN_Carlos,512,122,0
Inger Johanne Rasmussen,512,43,0
Labra,512,41,0
etu,511,68,0
CENTSOARER,509,39,0
Ana2391,507,110,0
BenoitK,507,98,0
eliasp,507,39,0
natalyamarika,505,120,0
jhosue3,504,135,1
Patton Yawa,504,100,0
unsungNovelty,504,40,0
Boron the Bold,503,95,1
EPN-JairoVera,503,27,0
pere prlpz,503,48,0
Belén Rojas,501,154,0
iharada,501,114,0
Rudy Castaneda,501,184,0
SamaLuna,501,91,0
Educcio,500,109,0
Grace Vera,500,100,1
Israel valente,500,81,0
thaliautpl,499,174,0
jagorce,498,58,0
shantadbz,498,76,0
Luchouski,496,121,0
SebasArgudo,496,36,0
MONTSERRATGG,493,30,0
MaloriHag,492,21,0
mayra!,492,102,1
PTapiaRodas,490,62,15
lordhoth444,489,27,0
31415926535,487,77,0
Ronald Gualan,483,85,0
Israel_Erque,482,98,0
Turtur,479,52,0
AlisonA,477,84,0
Cageo_80,477,48,0
DenisCarriere,477,39,0
ILikeTurtles512,476,61,0
tsubi,476,69,0
AnnFrías,475,14,0
avery_johnson423,475,104,0
Darwin Alexander,475,23,0
NicolaXShadow,475,36,0
nmelinap,474,44,0
m902,473,110,0
Jimiiee,472,46,0
carolinchen,470,122,0
Omita,470,59,0
RAFAEL LEONARDO HERNANDEZ,470,149,0
ccsolana,466,129,0
EPN_Wilson,466,84,0
Trucumarlentus,464,75,0
Lizutpl,463,150,0
Algafix,459,53,0
Luca Salini,459,12,0
oettlerbier,457,59,0
Liinchen,456,74,0
maruvi,455,83,0
parsewski,455,74,0
WillowCC,452,16,0
icolmenero,451,57,0
jebusmr,448,66,0
Vaniz,448,57,0
tdobbs,447,74,0
Prophecy_ecu,446,66,0
Dalopez,444,98,0
seattlefyi,444,70,0
Victosky,444,95,0
yurasi,444,80,0
daniiels,442,206,0
Jorge Espinosa,442,182,0
epn_paccha,440,39,0
stefany1897,439,85,0
Nyctomys,438,43,0
Jonathan Alexander,436,77,0
HJG,435,94,0
Geovany Ludeña,434,63,0
juanpmm,433,44,0
amarula,430,9,0
Estefaníavivar,429,166,0
ISMANDRES,429,12,0
laurenbiscombe,429,85,0
Xevi,428,96,0
EPN_Madai,427,202,0
luisdavid-bravo-valarezo,427,72,1
PABLO VARELA CUERVAS MONS,425,98,1
Pablo Borja,424,240,0
buttram,423,5,0
marinoh,423,68,0
anglopas,422,75,0
Judit Antoranz,422,59,0
MaryluK,422,91,0
IndianaJones737,421,68,0
jrcordes,421,97,0
Ljarteaga,420,36,0
Brian Mc-Ka,419,110,1
liviadegrossi,418,93,0
maryamL,418,91,0
KarrySantoyo,417,80,0
luzcerv,417,202,0
baris20,416,166,0
havadto,415,89,0
mat_593,415,5,0
RobertoRocha,415,63,0
steffen1966,415,44,0
Zeusin,414,72,0
JMBocan,413,76,0
Marcelo Samaniego,413,64,0
matiuxd,413,37,0
MariaAlejandra,412,70,0
ncorti,412,43,0
PaoDenis,411,306,0
Majito Chabla,410,140,0
Giovanni_viscomi,408,53,0
pame3utpl,408,81,0
Wilson Asqui,408,52,0
EPN chamoRC,407,21,0
Zata89,405,28,0
maxolasersquad,404,55,0
fleal,403,15,0
Jorge Navarro,400,26,0
Anita Cumer,398,15,0
RabeSammy,396,48,0
VIVI NATHALY,396,87,0
ba_ke,395,139,0
KJeppe,395,28,0
matthewsheffield,395,253,0
EPN_Felipe,393,73,0
AngusGeo17,392,27,0
Durant,392,75,0
Nezipt,392,77,0
Davidgm26,391,21,0
gonzalobandac,391,38,0
cronoser,390,43,0
paztelullauri,389,59,0
Chrisss Gü,388,86,0
Diani_G,388,72,0
ebrelsford,388,93,0
fma027,388,104,0
StineHelen,388,16,0
Sea Tea Zen,386,46,0
Alex Ati,385,104,0
richyrivera,385,61,0
Sebastian Eguiguren UTPL,384,291,0
trevormathstorm,382,29,0
linda_was_there,380,15,0
ZaklinaButorac,380,95,0
AETA,250,378,0
AnaLp,378,92,0
malwazir,378,43,0
ProjectThis,378,29,0
Enrique Moron,377,35,0
Jhandry,377,35,0
Daniel Quintero Segura,375,24,0
michuherrera2108,375,63,0
Nairim83,375,27,0
J_Winters,374,36,0
AidaMin,373,47,0
epndanielpozo,373,81,0
Sam-T_91,373,66,0
MrMoehritz,372,45,0
Luigirog,371,19,0
sheshaj,370,61,0
corvidaej,369,16,0
davidfti,369,22,0
Marierrauskin,369,87,0
DEco1000,367,39,0
Keith Greville,367,66,0
mwhittle91,367,34,0
Darwin Allauca,365,82,0
msafari,364,103,0
Alicia Y,363,75,0
juanda097,360,17,0
pancholp,360,100,0
Tamia Gómez,360,204,0
Ángel_101,359,8,0
EPN_David_Mejia,358,36,0
juanpadiazs,358,42,0
maddison,358,70,0
Lizzeth,357,66,0
lomejordejr,357,325,0
luisvaz030647,357,85,0
StanleyFrancois,357,141,0
meliamo,355,62,0
Palanganer,355,46,0
sn1ks,355,38,0
telmoandres12,355,45,0
Vitobrito,355,5,0
clauhuertas,354,42,0
Angel_uio,353,12,0
CrisN,351,263,0
EPNmarcelocalero,351,91,0
Queli,351,53,0
razor74,351,136,0
EPNChristianBasantes,349,66,0
Kevin Baque,349,86,0
Radi7,349,76,0
abelvm,348,83,0
J_runner,348,82,0
AnjaLouisaMaria,347,5,0
MateoGG,347,49,0
oiva,346,29,0
xavysp,345,13,1
julionovoa,344,33,1
JulesW,343,58,0
sheddi,343,92,0
VGCVGC,343,39,0
dnavarrocueto,340,76,0
plamois,340,82,0
churipakinti,339,26,0
GeoJenne,338,76,0
DaniPoliEsfot,337,14,0
Innisfree,336,26,0
JohnyD86,336,14,0
rmot,336,48,0
trimino,336,100,0
vasquezpablo,336,38,0
yopaseopor,336,26,0
quadero,335,8,0
Juan Sardi,334,80,0
Marshy8,334,8,0
JoseRM89,332,78,0
pmurphyt,332,26,0
BigPigVT,331,65,0
Erick208,331,151,0
Christian Camilo Lenis,330,42,0
Jorge Garrido,329,41,0
amunozbo,328,75,0
Ana Mendoza Guzmán,327,66,0
Andrés Flores,327,60,0
Fahad0711,327,6,0
Lou@Leeds,326,61,0
Daniela Marino,325,31,0
SEBASTIANMOSCOSO,325,45,0
xAd_Nazar,325,39,0
alequech,324,7,0
Emanuel Roatis,324,7,0
I'mBatman,324,53,0
Jelena333,324,104,0
miguelrf6,324,143,0
noward,324,81,0
Felipe Poveda,323,45,0
xiomyutpl,323,177,0
Statick,322,56,0
vcabezas,321,25,0
chrisfow87,320,57,0
Edwin Puco,319,50,0
DavidMolinaCalle,318,27,0
DianaPalaciosUTPL,317,91,0
Danny Wiggins,316,63,0
GBoulanger,316,103,0
JZ07016UTPL,316,41,0
RyanKuntz1,316,30,0
jeffpabaz,315,66,0
Carlos_Martínez_H,312,71,0
estollman,312,68,0
Alexander Socola,311,1,0
jose ayala,311,10,0
Adrián Chucuri,309,8,0
edgrmdna,309,33,0
jugdemon,309,64,0
margainclanrobr,309,84,0
Txiki,309,16,0
Julio César Muñoz Rengifo,307,102,0
likeaqueen,307,19,0
bufferclip,306,85,0
Kathyutpl,306,84,0
tarafa9,306,43,0
EPN Erick,304,70,0
JonathanV,302,9,0
Danny Jose,300,24,0
Patty_Collaguazo,300,61,0
Rafa Sesena,300,26,0
BladyMir,299,15,0
Israel Chacha,299,104,0
DamNn,298,41,0
Geographie_Sonne,298,67,0
andrea_forNepal,297,79,0
Carlopez,297,37,0
Humberto_Yances,296,42,0
Jessica Quishpe,296,24,0
JFOOutpl,296,157,0
jofrealex,296,23,0
ec ai,295,51,0
rwcaraguay,295,64,0
Tatys G,295,69,0
annacarol,294,21,1
Ibeth,294,19,0
pattylu,294,85,0
Amanda Sosnowski,291,37,0
Efraín,291,30,0
Fabián Sinchi,291,8,0
Jonas Rugys,291,13,0
Mike Millner,291,78,0
Refrigerator,291,53,0
Sicmar,291,47,0
Ana D,290,14,0
arafin,290,64,0
Lidiabornás,290,85,0
Raul Bastidas,290,6,0
gadm_happy,289,8,0
GRILLEDCHEESELOL,288,16,0
4b696d,286,14,0
Ana Sayago,286,99,0
Fasan565,284,55,0
Maria_va,284,25,0
Trish Graham,284,38,0
TylerOSM,284,47,0
ramiroaznar,283,38,0
danielanaluisa,282,63,0
EstebanCuñez14,281,24,0
Johha,281,30,0
NWS,281,60,0
peregrino78,281,8,0
Abadal,280,58,0
dorispineda,280,10,0
JasMart00,280,59,0
Pablo_Andres1993,280,29,0
abugel,277,11,0
cristian94,277,91,0
insua,277,2,0
Jose Romero,277,48,0
MelissaWM,277,32,0
thkcy,277,56,0
Thorum,277,33,0
Henrry Andrés,276,26,0
la_Lu,275,26,0
Gang Li,274,19,0
Lore Abad,274,83,0
Alberto_Geograma,273,21,0
Miguel A Songor,273,31,0
Yayo00:),273,6,0
EPN DanielSamaniego,272,6,0
j3m,272,7,0
kmcordovaUTPL,272,95,0
EmiliaTA,271,61,0
victormg,271,87,0
Kelasa,270,36,0
PAMELAGUAMAN,270,35,0
DannoEpn,269,63,0
Calebtimo,268,17,0
karithO dayana,268,25,0
katherine Lasluisa,268,81,0
mbela,268,37,0
Natalia Arruda,268,17,0
EPN-Krlozz,267,18,0
jsoofi,267,23,0
Juli1987,267,60,0
YachaqRuna,267,19,0
AndraC,266,11,0
gotthegist,265,54,0
nrprzsnm,264,47,0
rebecca50,264,116,0
retep,264,71,0
SebastienBu,264,99,0
Lhonorio,262,28,0
Ugo M,262,42,0
Ale88val,261,23,0
JHERIBERTOMA,260,51,0
Karla Saldaña,259,74,0
pastorolda,259,39,0
Lenin Paladines,258,66,0
Carli_M,257,24,0
EpnKCárate,257,79,0
juliomir,257,66,0
JoelZamora,256,48,0
walterwhite,256,23,0
eortega27a,255,12,0
ANA MARIA PIEDRA,254,63,0
DennisHiggins71,254,58,0
GeoCrazy,254,96,0
Franny Murillo,253,12,0
majopizarro98,253,39,0
Andrescm94,252,19,0
ilgeografoanomalo,251,54,0
ljmartinezm,251,51,0
jinalfoflia,250,5,0
Lewis-atar,250,3,0
Maria Mercedes Cobo,250,56,0
danielias,249,21,0
@davidsaso,248,59,0
Susyta,248,59,0
ddffit,247,7,0
Karto1975,247,37,0
Katherine Chicaiza,247,68,0
Mariuxi Mabel,246,10,0
Rosenia_@utpl,246,3,0
caice,245,12,0
mateoneira,245,104,0
weezery,245,64,0
henryiuce,244,24,0
tlacoyo,244,35,0
Alzeir,243,47,0
funkbag,148,243,0
bondah,242,25,0
SandraLisette,115,242,0
Pau C,241,42,0
Edison Saico,240,36,0
geonano,240,23,0
Joanpolop,240,11,0
Andy Giler,238,47,0
VanessaGM,237,106,0
yamah,237,128,0
Isma_98,236,7,0
pedrosab,236,43,0
Codemin,235,21,0
Diego0101,235,73,0
EPN_andresparra,235,11,0
TheKetke,234,38,0
EPN_christian,232,38,0
EPNvillaltaluis,232,53,0
earevalo,231,19,0
sgilman,231,42,0
EPNdiegonavas,229,32,0
EPNsamir,229,1,0
Evelyn Iza,229,16,0
GeoSebbo,229,19,0
hhdont,228,92,0
jbarton3,228,53,0
PXZB,228,56,0
Taïs Grippa,228,53,0
aidoiaga,227,2,0
Danyel23,227,60,0
jessbeutler,227,37,0
Diego96,226,44,0
akutnjak,224,57,0
Amy_85,224,0,0
wasix,224,4,0
ssantiago2009,223,30,0
Thalia Lopez,222,43,0
Zhubert,222,14,0
FernandoLL,221,29,0
jalp_ec,221,50,0
byronsauco,220,25,0
CodyVickroy,220,50,0
Lyanne,220,79,0
ihemond,219,28,0
Karlyta1993,219,44,0
kevinmontehermoso,219,62,0
EPN_SOLE_G,217,27,0
Gylve,217,1,0
ramcer,217,2,0
Bolivar Q,216,67,0
Farhana Fayez,215,6,0
Nicole Macas,215,104,0
Palak Matta,214,8,0
abkol,213,15,0
elenotes,213,11,0
EPN-NiRoU,213,43,0
ioanao,213,8,0
Suthakaran,213,19,0
AmyLewis,212,58,0
Giblet,212,23,0
Greg Wolfenden xAd,212,2,0
Harry Wood,212,43,0
Arnau Ochoa,211,40,0
EPN,211,36,0
Lili_G,211,56,0
Irwin Rashid,210,56,0
Luis Nicolás Moncayo,210,18,0
puenktchen,210,8,0
swise,210,30,0
nahles,209,26,0
rbhamjee,209,17,0
Vitalts,209,13,0
crisfercarrionm,208,48,0
jdotmurphy,208,4,0
John Joseph Carter,208,41,0
pizzaallday,208,11,0
simonmikkelsen-dk,208,95,0
VanessaAmores85,208,43,0
vlloret,208,37,0
gaurab,207,36,0
javimap,207,52,0
ScottGoodwin,207,59,0
EPNSebasitan,206,113,0
josue ochoa,206,50,0
[LM]SimurDiera,205,12,0
Ashlin,205,40,0
EPN_EdisonGV,205,0,0
adrian_cabre,204,95,0
Dlarr,204,130,0
JennyPenaranda,204,46,0
MarcosGe,204,31,0
herverpeju,203,47,0
IMDigger,203,12,0
dziabaducha,202,3,0
Jessica W,202,56,0
CronopioDavid,201,49,0
Danilojs,201,37,0
GeorgiaHallArup,201,46,0
illya2400,201,38,0
jastudillo,201,14,0
Mélanie Vé,201,55,0
Israel Herrera,200,66,0
jomida,200,18,0
JuanTapia22,200,35,0
richMoR,200,15,0
rtbaker,200,12,0
jamil1997,199,40,0
jfhumbser,199,68,0
murphymitchel,199,41,0
Danydeio,198,61,0
ferpro,198,10,0
josealejopila,198,79,0
CyrusDreams,197,0,0
Atma,196,15,0
Chetan_Gowda,196,19,0
srividya_c,196,70,0
madisonmercer,195,74,0
Santiago Guzman04,195,1,0
urbanoide,195,45,0
dwardio,194,73,0
Rico De La Funk,194,104,0
Ludoo,193,1,0
michelle casdel,193,40,0
Pollo Jaramillo,193,43,0
Sapz,193,12,0
eraunio,192,31,0
leoramos,192,6,0
Robertototo,192,2,0
JenniferS,191,10,0
marhs,191,65,0
mesakennedy,191,25,0
Paul Mariuzzo Raynaud,191,129,0
Rory Nealon,191,18,0
LuisASierraP,190,50,0
shotwellhowe,189,12,0
coleman,188,38,0
EPN201120409,188,36,0
alex sampedro,187,49,0
Carlos Ubidia,187,19,0
lesliep67,187,18,0
Molly_Rhodes,186,21,0
sebgg,93,186,0
sistemambiente,166,186,0
Unc MapDoctor,186,50,0
EPN NewBornDavid,185,23,0
Jose B,185,15,0
Josselyn Narvaez,185,34,0
Michelle Cherrez,185,10,0
Sofia Vergara,185,14,0
Eduardo Obando,184,37,0
pablo179,184,1,0
EpnNelson,183,62,0
Karito Carangui,183,17,0
Shanalya,183,54,0
EPN Santiago Loya,182,57,0
felipesilvamolina,182,9,0
israriosc,182,32,0
sebasauquilla,182,51,0
EPNKarenP,181,42,0
Esti07,181,28,0
jairoguerrero,181,53,0
Joleetee,181,20,0
Mary Chiroque,181,16,0
MEMOGUZ,181,57,0
Mitika32,181,43,0
ebuford,180,17,0
luisfe124,180,0,0
meviusa,180,103,0
Micky Castro,180,39,0
santya Alvarz,180,28,0
Alexander_David19,179,13,0
Capacapa,179,18,0
Jean Carlo Marchesini,179,23,0
SantiCapelo,179,50,0
Sujan_Dahal,179,40,0
JCROMANO,177,9,1
JCTOAPANTA,177,24,0
narami,177,21,0
CSARCH,176,70,0
shuvertg,175,9,0
silvia09,175,49,0
silviailardi,175,15,0
Trenetta0424,175,7,0
j_ramon,174,15,0
KarlaVictoria,174,28,0
sitio,174,38,0
Christina-Heidelberg,173,22,0
Daniela Minchala,173,34,0
epn-alex-chugchilan,4,173,0
karthik_game,173,60,0
RamiroPáez,173,9,0
EPN_Edwin,172,11,0
joost schouppe,172,12,0
Renffz,172,57,0
RzvFyqt,172,2,0
Seb_mend,172,36,0
andreacarrasco,171,28,0
EPNmaxxii26,171,60,0
jowilkin,171,9,0
Sebash96,171,53,0
alconco,170,15,0
angache,170,2,0
barbaraulrike,170,40,0
francescamissiroli,170,22,0
Horsehead,169,24,0
Quotydie,169,23,0
SaskiaW,169,32,0
EcuadorFreedom,168,0,0
EPN201010531,168,29,0
GDR!,168,68,0
luisxavier,168,26,0
Tamara León,168,13,0
Voltair7,168,52,0
JXMalo,167,31,0
5R-MFT,166,126,0
Claudia Patiño,166,2,0
Epn_BryanGermán,166,14,0
josedavidgonzalezcaceres,166,22,0
Mario Calderón,166,40,0
OlatzCI,166,29,0
paul lorca,166,36,0
Ronald Eras,166,32,0
welkerpd,166,26,0
Homero Paltán,165,7,0
Patricia Solis,165,34,0
virginiaho,165,31,0
voluntario3,165,30,0
ALEJANDRO PEÑA LEON,164,0,0
bddavidson,164,26,0
Henry Dobell,164,18,0
JuanMejia,164,2,0
Tong Qiu,164,139,0
Aboudrar Said,163,17,0
Bryan Ríos,163,49,0
Chrisigv,163,58,0
mauribusta,163,26,0
EllenG,162,45,0
Freddy14,162,64,0
mhernan,73,162,0
sadam Huarocc,162,23,0
uyadiego,162,27,0
Epn Daniel,161,38,0
EPN_Diego,161,89,0
jaguarles,161,6,0
lweld,161,17,0
Marce0525,161,67,0
Siana40,161,18,0
Cesarx011,90,160,0
Lenska,160,100,0
Coopere,159,44,0
EPNfernando_mariño,159,12,0
EPNJuan27,159,55,0
JC Bravo,159,18,0
YalCat,159,12,0
JoseViñanUTPL,157,1,0
ALEYDA YAMILE PINILLA ZAMBRANO,156,28,0
Brflores,156,9,0
Elisa Sandoval,156,7,0
Andrew Pearson,155,9,0
EPNjazminrodriguez,155,54,0
Madeline_the_Geographer,155,6,0
Patricia Malaina,155,44,0
Patrickra,155,26,0
Daniel_C,154,5,0
deym777,154,12,0
lonanm2,154,4,0
rasaZ,154,19,0
Stephanie Morales,154,7,0
ysOsm,154,35,0
Charlzzz,105,152,0
Epn Vanesa,152,41,0
EPN_Karla_Y,152,10,0
michu_leja,152,58,0
andritas,151,22,0
EPN_ChristianCastillo,150,44,0
Brian Z,149,13,0
Carla Price,149,44,0
Victor Hugo Pérez,149,9,0
Gabichito,148,62,0
alejandro-gp,147,7,0
Audita,147,17,0
Suleima Vaca,147,19,0
WinstonKahnArup,147,7,0
Aleishadns,146,39,0
eelksap,146,11,0
Michelle Medina,146,9,0
Serena1989,146,18,0
SilviaLuma,146,6,0
Giacomo1990,145,42,0
Lrmoreno,145,10,0
Nick_005,145,3,0
NormVero,145,36,0
Yurmily Barrera,145,42,0
Agatha Jetra,144,38,0
Brigeth,144,1,0
Cajamarca,144,40,0
Danielle86,144,34,0
Mar_Arce,144,82,0
nando9811,144,21,0
K´ssandra,143,0,0
mikel_f,143,10,0
R4sig,143,59,0
Alex Parra,142,39,0
altrabajoenbici,142,32,0
Antoine Lucic,142,25,0
Arantxautpl,58,142,0
Carmen Pérez,142,0,0
rgg11,142,18,0
Mikel Velázquez,141,53,0
unique422,141,57,0
Carlos Escudero,140,23,0
EPN-julio194,140,9,0
andresv_utpl,82,139,0
david zarie,139,23,0
EPNJona1993,139,20,0
Katherine Hurtado,139,22,0
Manoj Thapa,139,45,0
sleiding,139,10,0
EPN_Vanessa_Ch,137,65,0
jgc,137,127,0
Harmony不累,136,5,0
markgeorgeallen,133,136,0
Mattia_Manara,136,51,0
ParisaFalakdin,136,45,0
Daniel Freire,135,20,0
H2Olima00,135,29,0
OptimistIB,135,21,0
TrIGgAtRA300,135,35,0
GeoIvan,134,39,0
gyel72,134,8,0
katty Marcela,134,116,0
klayt,134,28,0
angelica_,133,24,0
epn_daven1995,133,16,0
EPNkevin,133,15,0
Gin Yaoshen,133,40,0
Heavy metal,133,34,0
Jaws85,133,6,0
anebophil,132,11,0
mariatulovsky,132,44,0
mony sanchez,132,19,0
Patricia Zambrano,132,11,0
svshaffer,132,14,0
Didi_R,131,36,0
Gabriela Ordonez,131,65,0
mlta,131,16,0
proyectar,131,30,0
DavidoRaza,0,130,0
MpProducciones,130,30,0
Peter Rushforth,130,2,0
ThomFi,130,68,0
algarinr,129,1,0
bpnyc,35,129,0
dkocal,129,0,0
EPNjessicaramon,129,26,0
marce23-g,129,30,0
mari2004,129,0,0
NatashaGuadalupe,129,17,0
njsmurf1813,129,42,0
osm_hamp,129,34,0
ovruni,129,1,0
Phil Shipley,129,0,0
GeoCum,128,37,0
Jessica_D,128,14,0
Marilyn Mocha P,127,15,0
EPN-paulesteban,126,16,0
Razu Ahmed,126,31,0
YieldMapper,126,8,0
EricG1010,125,51,0
erno,125,84,0
Gaby Loza,125,97,0
pol puig,125,20,0
EPN_AlexandraGranda,124,14,0
PanchoBr,124,31,0
Pter27,124,102,0
SharronE,124,33,0
Sutne,124,45,0
wambacher,124,9,0
wtaco,124,24,0
Cinthya Gualotuña,123,62,0
Fernando Quezada,39,123,0
lyctkel,123,6,0
Nick Tepper,123,28,0
Oscar Montalvo,123,18,0
Ana Pau Monsalve,122,40,0
Josh scheible,122,6,0
Margarita Yépez,122,4,0
MattSidor,122,21,0
Osmonav,122,9,0
sofiabuitron,122,26,0
aba22,121,34,0
Epn - Gustavo,121,22,0
EPN Tania,121,39,0
Isaac Estey,121,22,0
Isabel Peñaherrera,121,15,0
KatherinePinto,121,3,0
khartuin,121,61,0
Seb Verhoef,121,30,0
Bert deBruijn,120,2,0
debjhirsch,120,4,0
Melita7,120,5,0
RonnieLand,120,17,0
Teresa Gordillo,93,120,0
escafons,119,10,0
jdrivas,119,13,0
meganscully,119,33,0
Valentin Talan,119,59,0
jessajck,118,28,0
JUANJARQ,118,22,0
Paola Villagran,118,4,0
PhilKnight,118,37,0
vanessareyes0,118,20,0
arokh04,117,33,0
EPN_DENNIS_V,117,16,0
ItaloFM,117,2,0
leonardoluis77,117,28,0
Maria Augusta,117,28,0
jamutiti,116,37,0
jorge_epn,116,20,0
AlejuZ,114,16,0
chenfang,114,8,0
FatimaDelgado,114,9,0
Laura Cabezas,114,82,0
MaximilianoGutierrez,114,4,0
PacoEcija,114,53,0
Tim Fähling,114,3,0
Ari_Apezteguia,113,19,0
Joselyn_UTPL,113,32,0
dfrc,112,6,0
Epn-Vero,8,112,0
EPNsandy,112,10,0
Magil23,112,26,0
twisteroni,51,112,0
xAd_Omar,112,4,0
adions025,111,34,0
Daysi Ayala,111,43,0
Phenomenal,111,12,0
Aidas801,110,13,0
caro_cc,110,38,0
Evelyn Calispa,110,20,0
javandrex,110,32,0
mmartic,110,8,0
NOSHO,110,6,0
SFOC,110,6,0
GGreko,109,13,0
Jon Jewell,109,1,0
Kaut_Kids,109,22,0
lvitouse,109,24,0
rabarbanel,109,11,0
tomasup,109,18,0
andjhvall,108,1,0
Diego Rogel,108,23,0
epn marco,108,0,0
EPNVictorHugo,108,15,0
hawkeyepierc,108,22,0
sarahsarah123,108,9,0
alejo ramon,107,12,0
EPNdarwinv,107,25,0
MariJoV_EcuGeo,107,10,0
SamDB,107,37,0
Stefano frittelli,107,26,0
YingQ,107,1,0
alxdan,106,27,0
Camila Armijos,106,4,0
Claudio Borja,106,14,0
GregWhite83,106,4,0
ahenry63,105,25,0
Bylortep,105,15,0
genwin,105,18,0
Israel Lara,105,21,0
Julen Fdez de Labastida,105,16,0
Kajomi,105,18,0
MAYORMAC,105,0,0
andi_the_mapper,104,20,1
andres torres,104,4,0
Arjun24,104,16,1
Felipe Rosero,104,3,0
lestrada,104,41,1
Maitune,104,25,0
Milos BG,0,104,0
RICARDOGEOLO,104,3,0
SofiaJ,104,6,0
69LEKKERDING69,103,8,1
EPN Jonathan J,103,26,0
EPN Michelle Puga,103,17,0
RockmanEc,103,22,0
Sandra678,103,7,0
Cartai,102,56,0
epnMiguel,102,53,0
Omar_Delgado,102,10,0
Rodrigo Masache,102,24,0
epescopo,101,25,0
EPN Ricardo Ortiz,101,42,0
BryanVergara,44,100,0
Danilooo,100,34,0
Dianiiss,100,30,0
Mark Ortiz,100,3,0
tyanez,100,55,0
Apo2109,99,53,0
Estefanía Solano,99,26,0
reittiloki,99,14,0
RICARDO_MARCO,99,16,0
sariah torres,99,7,0
kmiloupy,98,78,0
Pablo_S,98,3,0
Adriana Martinez,97,72,0
Daniel Cajilema,97,22,0
malloryfoster70,97,8,0
Uranzu,97,14,0
Andreas Binder,96,0,0
ccasado,96,11,0
danielch,95,32,0
Enrique Idrovo,95,23,0
klever sinche,95,11,0
withoutrope,95,19,0
captain_slow,94,6,0
ghiberti,94,19,0
Max1221,93,10,0
Ale09_,92,21,0
Alechamizo,92,19,0
AVBR,92,18,0
EPNedwin,92,26,0
GERMAN AREVALO,92,10,0
GvNdJ,92,56,0
HannaSjostrom,92,1,0
huescar,92,21,0
ivanlasso,92,68,0
karina iza,92,30,0
MAPconcierge,92,1,0
maria_ruiz,92,2,0
Nadhya,92,11,0
acostansi,20,91,0
EPNdartf,91,8,0
joe the best,91,17,0
LeticiaRuiz,91,42,0
Alvaro Conde Perez,90,1,0
EPNJF,90,15,0
Javier Armas Navarrete,90,12,0
levin02,90,41,0
RickMaster,90,34,0
stefdeuring,90,23,0
alexsinailinct,89,27,0
DoKoUk,89,2,0
EPN-Stalin,89,6,0
felipecuellar100,89,16,0
Oslec,89,21,0
RONNY LOAIZA,89,65,0
sacora,89,7,0
vbaldassi,89,34,0
Endika Sanchez,88,11,0
FranXavier96,88,27,0
GinaroZ,88,7,0
juvelas,88,7,0
macuortiz,88,3,0
Mariano1,88,14,0
rabindranath1234,88,38,0
Alexis Matute,87,28,0
Alisson1017,87,23,0
Bigg_Salad,87,39,0
David  Aguilar Alberca,57,87,0
Santiago Guazhambo,87,49,0
EPNcheln,86,25,0
EPNVanessaMena,86,10,0
Juan Aillon,86,4,0
xavier chango guano,86,28,0
alejandro hernandez quesada,85,11,0
byron24,85,25,0
crisalexa6,85,48,0
EPN_AndresReyes,85,0,0
EPNCristianLara,85,10,0
EPNmarjury,85,18,0
Graciela_Caro,85,8,0
LHNC,85,21,0
MarcelaN,85,14,0
sbsalvarez,85,15,0
VeritoGua,85,7,0
Alexander Moya Chiluiza,84,21,0
Camilo:),84,12,0
carmen orellana,84,14,0
Diego Rugel,84,16,0
Jesus Cambero,84,31,1
Juadi 57,84,16,0
juanpablovinueza,84,19,0
Katherine Velasco,84,7,0
Laleska Leal,6,84,0
Patricio2040,84,36,0
EPNCristian,83,33,0
EPNDaniebro,83,16,0
felipecb,83,12,0
Joha Gutierrez Tabango,83,10,0
Jusseth,83,15,0
perraso,14,83,0
RobDeGraaf,83,23,0
siiri_b,83,1,0
davwolf91,4,82,0
Erika Aguirre,82,63,0
ozalamea,82,17,0
relow,82,19,0
SIGIRL,82,6,0
StevenRamos,20,82,0
Alejo Lopez,81,18,0
BlaireOddo,23,81,0
Fernanda Dávila,81,32,0
Gualberto87,81,3,0
Ismael Salamea,81,8,0
luis_armijos_UTPL,81,17,0
uyentruong,81,5,0
CRISTIAN PO,80,16,0
droep,80,20,0
Eleandra,80,10,0
EPN_alexfer,80,4,0
Juliana Ritter,80,20,0
Katrienm,80,20,0
NEORGman,80,59,0
cberard,79,15,0
DipanshuGlobal,79,4,0
EPNMerwinGOF,79,11,0
EPNPaola,79,21,0
fernando1414,79,34,0
Romel Vázquez,79,10,0
Willy_Matute,79,2,0
EPN_cheberizimo,78,11,0
FTA,78,12,0
Martin Tircio,78,3,0
aewoolf,77,12,0
Christian Pintado,77,8,0
DisasterNate,27,77,0
EPN-Ronald,77,23,1
EPNGabriela,77,35,0
goerin,77,20,0
htac,77,23,0
Mónica,77,28,0
PaulViv,77,17,0
Yoh@n@,77,17,0
jonathan guzman,76,10,0
jorge villacis,76,0,0
sebassfnEPN,76,11,0
andrinagn,75,13,0
Axel David Paz Montero,75,12,0
Beccah,75,21,0
jesusjl,75,17,0
Byron Escorza,18,74,0
Chrisgg,74,24,0
Cranemania,74,9,0
JavierI,74,6,0
jota12wladimir,68,74,0
Juddy Bravo,26,74,0
Luishivam,74,14,0
Matt Whittle,74,29,0
vincienzo,74,1,0
Vodia,74,45,0
Biron Toro,73,17,0
chalosalvador,73,39,0
Diego F Reyes Y,48,73,0
EPNLaura,73,14,0
Jessica Olivo,73,45,0
<0174,72,30,0
alejandropb,72,6,0
Alfred Sawatzky,72,12,0
Churos,72,13,0
EPNGaloMoreta,72,20,0
Estefy538,72,1,0
maantonieta,72,9,0
mainato,72,2,0
scheggia1,72,12,1
alexaj11,71,45,0
EDEN CANO,71,16,0
Pablo Suarez,35,71,0
wilsontronix,71,22,0
AlexGUTPL,70,1,0
EPNDavidVallejo,70,34,0
EpnSamantaMinayo,70,15,0
Gabynoboa,70,10,0
Agustin,69,0,0
Armando Rivera,69,28,1
chmoscu,69,0,0
clibar,69,3,0
EPN CParedes,69,21,0
epncarlitos,69,23,0
MaGregor,69,37,0
Marsupium,69,10,0
Ning Lu,69,14,0
retndlsr,69,8,0
taniamuñoz,69,21,0
AliciaRN,68,48,0
Armin Schmidt,68,0,0
carlosgis,68,9,0
CésarCastro280,68,8,0
David Herrera,68,5,0
dsproal,68,5,0
EPN Cristian,68,40,0
epngrapa,68,17,0
fabiennetheijs,68,17,0
Karla Tapia,68,16,0
mdgordo,68,4,0
Alexandra Ortiz,67,23,0
DanielFryy,67,21,0
Hakuch,67,20,0
Marco Antonio M,67,59,0
Residente,67,14,0
shiguera,67,15,0
superfrite,67,1,0
Beverito,66,23,0
Ewenc,66,18,0
giovassat,66,61,0
gmcjesse,66,19,0
Lucía Sáez Gabarrón,66,7,0
M_Marañon,66,30,0
Dylanjo3,28,65,0
Epn Eddy,42,65,0
Johann Moeller,65,8,0
Lauragm,65,29,0
PatricioSolorzano,65,14,0
rusosnith,65,12,0
Tirico,19,65,0
VirginiaJane,65,27,0
Caro G,64,9,0
CaroOSM,64,6,0
Daniela_Figueroa,64,34,0
Dannyalex,64,15,0
epn_mariana,64,44,0
EPN_SebastianMuñoz,64,6,0
Fredy Grefa,46,64,0
jritter,64,2,0
LorenaMB,64,5,0
Mary Ramírez,64,1,0
Shirleyf22,64,3,0
Vinicio Bravo,64,19,0
Andres Esparza,63,18,0
Elias Sanchez Gonzalez,63,10,0
KatieFayman,63,3,0
QRen,63,30,0
santii143,63,13,0
adruian,20,0,62
Grateful_tedd,62,12,0
bkowshik,61,21,0
Blas Alemán,61,14,0
Epn-Jhoana,20,61,0
EPNCristian Betancourt,61,30,0
Geo_S_R,61,22,0
GeoManu,61,4,0
Jorge Delgado García,61,6,0
Josselyn Muentes,61,48,0
Kate Rosa,61,6,0
Richar Stalin Lanche Puga,61,33,0
Rob_Cep,61,3,0
Anders Hjalmarson,60,1,0
Im_Juan,60,17,0
juancolla,60,2,0
dgceliUTPL,59,1,0
ebe,59,8,0
Washington Salinas,59,18,0
_A_C_R_25_,58,40,0
aurgilez,58,0,0
EPNJosePalacios,58,18,0
fevs,58,48,0
jorge luis yucra huaytalla,58,2,0
nifreddo,58,14,0
Oscarepv,58,55,0
pozoutpl,58,33,0
SteveOzo,58,48,0
Annaveronica,57,1,0
eggie,57,5,0
EPNJohannaArias,57,12,0
Faith Taylor,57,8,0
graceanne17,57,11,0
harrierco,57,2,0
Jhonny Zaruma,57,15,0
LUCIE74,57,5,0
nanozbit,25,57,0
am_quiros,56,10,0
Dalton29,56,3,0
edutorresvillavicencio,56,8,0
epn dario vargas,56,39,0
EPNDiegoDC,56,19,0
geo_prof,56,10,0
Gloria07,56,9,0
gt303,56,19,0
JacintoC,56,8,0
JenyLoor,56,12,0
JOEL_ON,56,42,0
Maria Angel,56,17,0
Mayliz,34,56,0
SalvaGG,56,25,0
aucas001,55,4,0
Bionay Utpl,55,50,0
EPN-RH,55,11,0
JosuePacheco,55,4,0
karlitosjr,55,19,0
Matteo Natalucci,55,7,0
Michael818,55,15,0
Mirci,55,8,0
Mishe,55,3,0
Epn_MiguelAlvarez,54,17,0
KnoMorales,54,0,0
MartaMVM,54,16,0
pablo mijin quito,54,5,0
PilarPC,54,12,0
yura001,54,0,0
Daniel_Cajilema,53,15,0
ElDonald,53,3,0
emilyeros,53,5,0
EPN_at,53,34,0
epncaos,53,13,0
Fbogeo,53,11,0
FERVARGASM,53,12,0
GabiC,53,3,0
Jhoanna Quijia,53,12,0
jurguevara,53,1,0
LissetteEAS,34,53,0
luisazas,53,9,0
AndresJimenez,52,10,0
ari3104,52,12,0
carlemontd,52,2,0
Dokyunsoo,52,3,0
Gabriela Arevalo,52,32,0
IngridPaola22,52,7,0
Jheiro5dav,32,52,1
JOSE LUIS CHUQUIMARCA SARAGURO,52,8,0
kaito04,52,9,0
MRigal,52,12,0
nattyp,52,13,0
phjarry,52,12,0
rdalejandro,52,9,0
Andulika,51,0,0
ccloquet,51,11,0
DavidGorriti,51,8,0
EPN Solymar Merino,51,12,0
EPNJavierViracocha,7,51,0
EPNyessi,51,11,0
Fabricio-Ganger,51,1,0
lgdiazf,51,12,0
Paula Pinzon Sotomayor,51,13,0
Steven Muñoz,5,51,0
djroars,50,3,0
eailderton,50,5,0
Glassman,50,6,0
Hoelper,50,7,0
ivanchoyerovi,50,30,0
Marissoares,50,8,0
poito,50,12,0
StalinAlexander,50,9,0
360noscopexxx,49,15,0
adas,49,2,0
Arnold Quistial,49,29,0
davdevelo,49,7,0
EPN_Jeffo,49,35,0
ESPINomar,49,13,0
fabiocast27,49,16,0
Hans Leon,49,35,0
InFiDeL0020,49,13,0
IreneGIS,49,8,0
Jefferson Espinoza,49,46,0
JonPzdeH,49,40,0
Luis Daniel Tobar,49,23,0
Ricardo Pizzuto,49,19,0
Sakura01,49,18,0
Teiron,49,13,0
tonnyec,49,3,0
Alan Geograma,48,14,0
Alucard9900,32,48,0
AndrewSauls,48,6,0
Carlos Preciado,48,11,0
Carlos Quiahpe Parra,48,2,0
jsrg,48,9,0
TayPo13,48,17,0
Alex-epn,47,13,0
bixoducoco,47,6,0
diegoguayasamin,47,8,0
Diegoku26,47,2,0
Harrison Pico,47,11,0
hedwin94,47,23,0
Kyleee06,47,13,0
qwqwr,21,47,0
EPN_Daniel,46,11,0
LeonelMarcelo,46,0,0
markcdejong,46,2,0
SebastianEPN,46,15,0
Sianski,46,10,0
vtcraghead,46,6,0
Andrea Sangurima,45,20,0
cindy Pesantes,45,18,0
Cristhian Chulca,45,31,0
EPNCynthia,45,10,0
Iker Garcia,45,9,0
kdano,45,6,0
Klever Alex,45,8,0
Xabier Hortelano,45,8,0
xAd Fallon,45,1,0
ccalista,44,2,0
marcoanazco,44,8,0
mariko_nagano,44,3,0
David Mateo Terry,43,5,0
DianaElizabeth,43,5,0
Diego Enríquez,43,33,0
Epn Bryan,43,1,0
EPN Oscar Sambache,35,43,0
EPNSTALINPINOS,0,43,0
estefaniaszam,43,20,0
Hector Vector,43,5,0
Isabel Rodas,43,22,0
Mehdi29j,43,4,0
Priscila Solis,37,43,0
Raul_Van,43,4,0
srija,43,5,0
Valeria Ochoa,43,10,0
aguay091,42,10,0
artemist,42,2,0
Eddy DY,42,6,0
EPN-JulioMora,25,42,0
hawkins12,40,42,0
jcrodriguez6,42,1,0
Jey Plaza,42,11,0
JWalker1998,4,42,0
Katti11v,42,12,0
kelp_Now,42,2,0
LeslyJordania Villagran,42,8,0
Luciano Galán,42,23,0
nekopq,42,29,0
PatricioC,42,7,0
ricardo9510,42,7,0
Sandrita2,42,15,1
cristti,41,7,0
EPNgj07,41,2,0
EPNPato,22,41,0
Jorge Campoverde,19,41,0
karjung,41,3,0
LENIN EL CRACK,41,4,0
Lufarap,41,5,0
pabloch_utpl,41,8,0
Sofia Fierro,41,35,0
STALIN PUMA,41,23,0
teresaluisa,41,28,0
Agustin Nervi,40,4,0
EPNkevinh,40,10,0
ErikaAguilar,40,5,0
kelly pineda,40,11,0
pablo ortiz galarza,40,7,1
pedrompsantos,40,6,0
VeronicaGSP,40,12,0
arqdidrovo,39,18,0
EPN_DavidG,39,3,0
EPN_Leon713,39,1,0
EPN-JavierT,39,5,0
EPNricardo1911,39,11,0
sergio_arnal,4,39,0
Almudena Badia Pinilla,38,5,0
dilena4486,38,12,0
EPN_HELC,38,16,0
EPNrafaelsisalema,38,28,0
Hundehalter,38,3,0
jhosep,13,38,0
JustinG21_,38,11,0
nest95,38,5,0
rmedrano89,38,8,0
AdrianaQL,37,7,0
Alex FG,37,18,0
Bastenbas,37,6,0
CristianPatricio,37,12,0
DayanaraRuales,37,12,0
Dennisfadm,37,10,0
EDDU URBAN,37,20,0
elikary,37,6,0
EPNsanthii,37,16,0
Freddy Guzmán,37,12,0
Isabela Menacho,22,37,0
jfreakp,37,0,0
JOHANA ALBAN,37,7,0
Mauricio Azálgara Bedoya,37,8,0
xaviermolina,37,0,0
alvofot,36,3,0
belborja,36,1,0
EPNjuanpumisacho,34,36,0
EpnKevinM,36,0,0
EPNSamEsteban,36,5,0
G_Arq_Ucuenca,36,1,0
Ginesjm,36,4,0
Jorge Hernández Marín,36,0,0
jose miguel argudo,36,7,0
JudithJP,36,9,0
karoceli_utpl,20,36,0
LeviLevad,36,3,0
Mate Cando,36,0,0
nordsørøstvest,36,4,0
Rikys,36,13,0
VictorTituaña,36,10,0
Alex Beltran,35,26,0
Angy Yamasqui Angamarca,35,6,0
Betsy_Belen,35,8,0
Danny24,35,10,0
Edu15pm,35,2,0
EPN_Neos21,35,4,0
FEERGGO,35,2,0
GiniLG,35,9,0
JoaquinCardenasV,35,18,0
jonnas,21,35,0
JuanCartografop,35,8,0
raul5219Akd,35,14,0
tefita_lizzie93,35,18,0
ValeriaChile,35,5,0
zxiiro,35,6,0
cucugbl,34,3,0
EPN_viniQ,34,34,0
EPNmichelle,34,13,0
jcryemo,34,6,0
luispicci,34,3,0
msdess,34,2,0
Saizarjon,34,5,0
saraerro,34,2,0
Amaia92,33,1,0
AndrewSnow,33,3,0
Cristhian Gaona Castillo,33,7,0
Eloy1994,33,32,0
jefferson paul siguencia sumi,33,5,0
Matias M,33,18,0
TyBirdBenjamin86,33,23,0
BASTILLE,32,0,0
cazs27,32,1,0
Daichizu,32,0,0
ECU2112,32,0,0
epn jacinto,17,32,0
EPNJavy,32,1,0
Hector Miguel Ch,32,12,0
Iván Santiago,32,2,0
Kerly Ton,32,5,0
Luis SG,29,32,0
Maick7011,32,6,0
Mdermul,32,8,0
nacalderon,32,23,0
Tania Cueva,32,2,0
Xaviergato19,32,7,0
Ximena Marcela,32,8,0
Cristian Salazar,31,0,0
EPN_Fabricio Alvear,31,9,0
EPN_Grace,31,1,0
EPN_propietarios,31,7,0
HenryIvan,31,2,0
Isacodes,31,11,0
JoseMA26,31,6,0
Lizett Enrìquez,31,5,0
MiguelAngel_Medina,31,7,0
Pablo Crespo,12,31,0
pbeauchemin,31,5,0
PEMARIN,31,3,0
portami,31,31,0
Santiago Lucero,31,2,0
_miriam,19,30,0
BicIvan,30,20,0
crox,30,2,0
El Profe Iván,30,18,0
EPNcarlosq,4,30,0
gabri29,30,21,0
Gabriela19,0,30,0
Israel_Paredes,30,7,0
Johnny_g,30,7,0
lnseitz,30,0,0
monica_novoa,30,4,0
Pat Tressel,30,13,0
pepejoseepn,30,5,0
teganf,30,18,0
Valeria Barrera,30,4,0
cristopher123456789,29,3,0
datastory,29,19,0
EPN_David93,29,14,0
EPNricardo,29,1,0
Jaguz4,17,29,0
Jorge Medina,29,0,0
Luis Bryan Terrones Chumpitaz,29,2,0
mbonnefoy,10,29,0
paul villacis,29,7,0
Phil Klein,29,1,0
RCHAVEZ,29,0,0
Sofia G,29,4,0
wdolphin,29,7,0
widedangel,29,5,0
xverges,29,0,0
ZONA4-MINDEP,29,4,0
Asensio_5000,28,2,0
Brayan03,11,28,0
Catherine Haustein,28,4,0
CRISTIAN CABASCANGO,28,5,0
dany freire,28,22,0
dragibog,28,7,0
Elisa2004,28,2,0
EPN Luis Velásquez,28,25,0
EPN_Eddymir,28,0,0
EPNSiamara,11,28,0
Estefania Gonzalez,28,10,0
Farcas David,28,0,0
gestebanor,18,28,0
Giane Moreno,28,5,0
helgesene,28,7,0
Hidrogeomatica,28,1,0
jcarranzaUTPL,25,28,0
jennydayan,28,3,0
JTvinishan,28,11,0
julienfastre,28,1,0
karen robalino,28,8,0
Ricky_AGU,28,0,0
robertoguachi,28,14,0
timdig,28,5,0
XenkGucci,28,4,0
Andres Campaña,27,6,0
andres96,27,1,0
daamayac,20,27,0
diana56,27,8,0
Faustomaria,27,5,0
highflyer74,27,26,0
jeiken,27,24,0
kirbycharles,27,0,0
mebe1011,0,27,0
nogal22,27,8,0
rrebe,27,3,0
AndreaPoti,26,13,0
B3ck,26,3,0
clematty,26,22,0
Da21,26,14,0
Epn_SebastianAvalos,26,3,0
JuanjoQz,14,26,0
matias1799,26,4,0
shavy_utpl,26,12,0
Borja Matesanz,25,11,0
cgidrobo_UTPL,25,16,0
cippo1999,25,11,0
CLJO,25,2,0
DiegoSM,25,21,0
Dina Dahood,25,5,0
EPNKaren,25,6,0
jacov,25,3,0
Mauricio20,25,2,0
Ricardo Gomez,25,7,0
spaceclipse,25,6,0
Andre_Jaramillo,24,4,0
andreabianco1,24,4,0
befana,0,24,0
Cinthia Robles,24,9,0
EPNEDISONG,0,24,0
Jona Silva,24,13,0
kokeinyesdi,24,5,0
shailyparikh,0,24,0
AdrianVe,23,0,0
AkshayaC,23,3,0
Cristiutpl,23,1,0
dejan_10,23,3,0
epnleninmontalvo,23,16,0
HP-Nunes,23,8,0
Jessica Celi,16,23,0
pame22,23,2,0
Pit_killer,23,17,0
Rober Yanangómez,23,12,0
Sara Mangialardo,23,4,0
TaniaMejia,23,5,0
clhenrick,22,10,0
corsario25,22,2,0
EPNanthony_1997,22,12,0
Esiquio Iglesias,22,8,0
FvGordon,22,10,5
Ginger Sipion,22,5,0
IsabelCarrasco,22,18,0
joanaguedes,8,22,0
Kevin Carrillo,22,18,0
MISA_AGU,22,4,0
Pao Páez,22,4,0
pfcb,22,10,0
Renato1815,22,18,0
samuelito3,22,0,0
Byron-Iván97,21,1,0
Domenica Garcia,21,2,0
Eduard_Romeu,21,4,0
EPNDavcg5,21,2,0
epngabriela_ron,21,1,0
Fabricio Gavilanes C,21,2,0
Fahmida Yasmin,21,1,0
Gorkymunoz,21,8,0
Ivan Cumana Navia,21,1,0
JairoMC,21,9,0
kros96,21,2,0
MIGUEL O,21,5,0
MikeGost,21,5,0
mpineda,21,4,0
nathalievanroy,10,21,0
NunoCaldeira,21,3,0
Polet Vélez,21,0,0
Stephanie Frias,21,5,0
tavooca,21,4,0
unidos para ecuador,21,6,0
Viviana Martíez,21,10,0
Alex Guerrero,20,3,0
Andrea_Vill,20,10,0
Barce campeon 15,20,1,0
Christian Pinguil,20,17,0
Demium,20,15,0
DiegoMorenoP,20,7,0
Dome J,20,0,0
EPN-Jonathan95P,20,4,0
EPNJAVIER,20,1,0
estudiantes APC,20,5,0
fannybas,20,7,0
Grzegorz Antoskiewicz,20,5,0
GV_esme,20,3,0
jorgeiza,20,10,0
KeFAnda,20,6,0
lyzidiamond,20,0,0
Manu Jurado,20,5,0
reg111,20,0,0
rosanijhof,20,12,0
stifler123,20,3,0
Tylar714,20,5,0
wladimir1995,20,1,0
akim96,19,4,0
dragon169,19,0,0
EPNKatty,19,4,0
Frans Naranjo C,19,4,0
Jessenia,19,13,0
KimoBos,19,14,0
melpe,19,3,0
PAUL VALLE,19,3,0
Thejasco,19,9,0
Vickynar,19,4,0
victor7480,19,2,0
AdamCS,18,1,0
edwinchambar,18,8,0
emivaldivieso10,1,18,0
epuga,18,8,0
HOMERO OTAVALO,18,0,0
Hugo Montero,18,2,0
ivntres,18,2,0
Vanni Rodriguez,18,1,0
cfelipes,17,1,0
Christian Castro,1,17,0
EPNLilianRaquel,17,4,0
Fercho10,0,17,0
Guichmuch,17,6,0
javierlazo,17,3,0
JeanPierreRG,17,14,0
jonathanywilliam,17,3,0
Jonny1991,17,1,0
joseph number 1,17,3,0
KatiaV,17,3,0
M Calderon,17,1,0
MauricioMarino,17,3,0
mikewilliamson,17,1,0
Mishell Cruz,17,5,0
pablosorio,17,4,0
Robert Enríquez Reyes,17,2,0
Sarvihepo,17,0,0
ajuliana,16,6,0
Analy,10,16,0
Andrea Camacho,16,10,0
andrewwiseman,16,1,0
Brad Berry,16,3,0
bryan94,16,1,0
Carlis_UTPL,16,5,0
charlesbbc,16,3,0
Chima Onyia,16,0,0
cpgudinio,16,4,0
Daniel Aguirre Velez,16,4,0
Domenica Cabrera,16,11,0
EPN_KevinCalvache,16,1,0
epnalexisppjb,16,10,0
idjih,16,5,0
Jennings Anderson,16,5,0
jorge buelvas,0,16,0
José Corcuera,16,9,0
JuanJoJa,16,4,0
klaberlang,16,4,0
maria fernanda avila montejo,16,3,0
mcalispa,16,2,0
mikelmaron,16,1,0
Paola C,16,2,0
rza31,12,16,0
TanyRea,16,4,0
VictorVelarde,16,7,0
Andy Suntaxi,15,3,0
Dantebc,15,2,0
EPNshava,15,8,0
EPNSoniaD,15,7,0
Johnpe,15,1,0
Julia Graham,15,8,0
JuliaW2222,15,12,0
MAAM_2016,15,1,0
Raph_,15,11,0
sncooper,15,0,0
Stylwix,15,9,0
alejandrohernandezCol,14,6,0
calvo2015,14,2,0
EDMUNDO VINTIMILLA,14,3,0
EPNmapping,14,1,0
evelyn carrera,14,11,0
Henry Vallejo,14,0,0
juusokor,14,2,0
mpaezcev,14,0,0
pdxshark,14,2,0
ramiromp,14,0,0
rsguayax,14,1,0
XavierZ,14,4,0
4ndresG,13,3,0
AngelCast,0,13,0
Blogus,13,2,0
clachi,13,3,0
DavidLaraD,13,13,0
dayan7,13,0,0
EPN jaime yerovi,13,5,0
fdbaquero,13,4,0
gianmarcoinsolito,13,1,0
inakijimenez9,13,2,0
Jon Caris,13,3,0
Josuer,13,1,0
juanmiguel113,12,13,0
julis13,0,13,0
nbusto,13,0,0
oscarhll,13,6,0
Sergio Prduña,13,5,0
AmaretoCR,12,11,0
AndresC1,12,3,0
axlotz,12,1,0
bgirardot,12,1,0
Camilo2004,12,0,0
davidgranadog,12,8,0
domee23,12,1,0
doris cifuentes,12,3,0
Guepek,12,9,0
IREAMilanoGIS,2,12,0
Jean Q,12,2,0
johavillavicencio,5,12,0
lein11,12,4,0
MapScoper360,12,1,0
Marcos Alcivar,12,4,0
MATEOXDEXDXXDXDXDXDXDXDXDXDDXDXDXDX,12,3,0
Nicole Genchur,0,12,0
philfelipe,12,2,0
rodowi,12,3,0
shashish,12,3,0
Snoboa,12,8,0
SteveP2000,12,2,0
thirteen,12,5,0
WVU19USA,12,2,0
xloayza,12,3,0
Zergalari,12,3,0
@Anastasia1984,2,11,0
ampaAlegria,11,1,0
BarbarianH11,11,2,0
Bluevdr,11,3,0
Chealex,11,1,0
DavidVinueza,4,11,0
EPN_Freddy,11,3,0
EPN_josegonzalez,11,8,0
EPNCARLAALVAREZ,11,0,0
EstefaniaAguilar21,11,1,0
Gabriela López,11,0,0
GeovannaPila,11,0,0
hans el crack,11,0,0
Jhonatan Cajamarca,11,1,0
Juan Villavicencio,11,0,0
mapper999,0,11,0
rafemoro,11,2,0
Redlipmafia,1,11,0
XaviTorres,11,0,0
adicazen,10,4,0
Amo Ecuador,5,10,0
Boris Mateo,10,2,0
Bruno Gonçalo De Brito Duarte,10,1,0
bubix,10,2,0
CaseyFrost,0,10,0
Céline Moreau,10,0,0
Edisong,10,0,0
Franca1983,10,2,0
Hayden-G230,10,2,0
Jaker95,10,3,0
Lizzb,10,2,0
mauricio-daniel001,9,10,0
poliamor,10,2,0
Rocio Gonzalez Toral,10,0,0
rulight,9,10,0
WsVs13,10,0,0
alexisxavier94,9,2,0
Andrea5795,9,1,0
antonio9696,9,1,0
brittdawn,8,9,0
BryanCarrion,9,1,0
Daniela Arias,9,5,0
Diegol Pérez,0,9,0
EPN Fabrizzio Capito,9,1,0
EPN Katherine Vela,1,9,0
Génesis,9,1,0
Geovanny Muñoz,9,4,0
Jefferson Acán,9,2,0
jodiemac,9,2,0
KSAMUEL AG,9,2,0
Luis Armijos,9,2,0
LuisGalanRamirez,9,0,0
Nathalia Florian,4,9,0
Piri Reis 82,9,0,0
RENE JRSC,9,2,0
Vicente delgado,9,5,0
XavierEstevez,9,1,0
Abraham Moran,8,0,0
AlejandroECU,8,6,0
andresmf,8,0,0
ari22004,8,2,0
Bryan_7,8,6,0
Carlos Sampedro,8,3,0
chernanma,8,2,0
EPN Santiago,8,2,0
EPN-Jlleonb,3,8,0
EPNBely,8,3,0
EPNchristianPadilla,8,2,0
GabrielSebastianMoise,1,8,0
Gema  Zumba Acosta,8,1,0
geomigue10,8,2,0
girlscout00,8,3,0
hugjmldu,8,2,0
iitarekiiz,8,1,0
Javier Turner,8,0,0
jennnfer,8,2,0
JOFER ARMIJOS,8,2,0
lunalovegood567,8,3,0
maytico,8,2,0
mizu87,8,4,0
Nando Gy,8,0,0
ragutierrez,5,8,0
Sebastián Jaramillo Alvarado,8,1,0
Starmax777 Starmax777,8,2,0
vido1992,8,5,0
Yessenia Soledad,8,3,0
YoelHP,8,0,0
an333,7,0,0
Andrea Ruiz Cisneros,7,3,0
Autumn BX,1,7,0
bartolo34,7,1,0
Curranmj,7,0,0
Eli-J,7,3,0
favillavicencio,7,1,0
ferkevin,7,3,0
Janneth Viñansaca,7,0,0
Javi APS,7,3,0
javimaiza,7,3,0
Karen Jara,4,7,0
Madskiier_JWong,7,0,0
mariu_utpl,7,0,0
PilarP,7,2,0
Rafoso,7,0,0
toptheory,7,2,0
Carlitos1,2,6,0
cesarfrancisco_77,6,3,0
Danielle_Barlow,6,1,0
EPNkleber,6,2,0
EPNPedroCuasqui,6,5,0
fujihara,6,1,0
Gabi Samaniego,0,6,0
hulyom,6,0,0
J_Vergne,0,6,0
JaimeDario,6,1,0
JenSchellinck,6,0,0
Juank Paucar,6,0,0
kurek,2,6,0
Malena Loza,6,0,0
María Del Carmen Quizhpi Calle,6,0,0
MarioCart_ographer,6,4,0
Martha Rosero,6,1,0
Mayu Centeno,6,2,0
nicolas17,6,1,0
pardo 20042007,6,1,0
Ruben Rumipamba,4,6,0
spatrick467,5,6,0
45723,5,2,0
ADÁN GUZMÁN,5,1,0
Ana Lu Baldeón,5,1,0
Andrearaujo,5,1,0
Angel Valdiviezo,5,0,0
Azulramiro,5,0,0
Carlos Caiza,5,1,0
chrisdilbert,5,1,0
cmcarfer,5,0,0
CyntiGaby,4,5,0
DanielaUTPL,5,2,0
DellDor,5,0,0
EPNRonnyDaniel,0,5,0
Francisco Bravo,5,1,0
Frank Sierra,5,0,0
fredyagaton,5,0,0
fredymales,4,5,0
GeoCastellanos,4,5,0
Gingerbread,5,1,0
gracemerchan,5,1,0
Jonathan Morocho,5,1,0
lewie,5,2,0
ManuAPAW,5,0,0
manukorp,5,0,0
Martyaloka,5,1,0
Melania int,5,0,0
NeonCraft425,5,1,0
Pantalla07,5,1,0
pibanezdeelejalde,5,0,0
psanchezh,5,1,0
Ramroj,5,1,0
rmena,5,1,0
rubitorres,5,1,0
Shirabel Bonilla,5,0,0
ufoloko,3,5,0
vinioo,5,2,0
yodha,5,1,0
@albarosado,4,1,0
adamants,4,3,0
aksimms,4,0,0
Alfonso_Moya,4,1,0
Anaile,0,4,0
antekzone,4,1,0
AntoninaVM,4,0,0
argoon,4,1,0
BenAcevedo,4,0,0
bianca050893,4,0,0
Brian_V|,4,1,0
Brice Lesage,4,0,0
Byron2000,4,0,0
caccia00,4,2,0
Carucho,4,0,0
Dariospectre,4,1,0
davidvive,4,0,0
DOLORES REXACHS,4,1,0
domenicasolano,4,2,0
Emily Yanez,4,0,0
Enrique6,4,1,0
eperleper,4,1,0
EPN_Ricardo,4,1,0
EPN_Santiago_Andres,4,2,0
EPNLucy,4,3,0
Eric HIdalgo,4,1,0
Farid Saud,4,1,0
Fatima_C,4,1,0
fcasanova,4,0,0
FRAMCA,4,2,0
Gabriela Metivier,4,1,0
gabrielmorales92,0,4,0
GaelleLG,4,1,0
hablack2,4,0,0
Hiroyuki725,4,3,0
hughdgray,4,1,0
ida macarena,4,1,0
jaimec13,4,2,0
Jose Suquillo,4,1,0
jozmaldonado,4,2,0
laurafiandaca19,4,2,0
Lisa Chong,4,2,0
Luisss27,4,0,0
mafer23,4,1,0
Marcefer,4,0,0
María Alejandra Lache,4,1,0
mataharimhairi,4,0,0
Nirab Pudasaini,4,1,0
osea_utpl,4,1,0
paulmartinez21,4,0,0
R0bst3r,0,4,0
RebeccaF,4,1,0
Sakomaru,4,1,0
samybuu,2,4,0
sergiopero,4,1,0
sofianieto,4,4,0
Stalin Garcia,0,4,0
StanLucassen,4,2,0
vmbuitron,4,0,0
wfabricms,4,1,0
XAVIER MACHUCA,4,2,0
Xavivy Puchaicela Ortiz,4,0,0
Adrian Pino,3,3,0
Alejandro Erreyes,0,3,0
Alexis Anchundia Cevallos,3,0,0
baditaflorin,3,0,0
Cem Sultan,3,2,0
cesar-gustavo,3,0,0
chelo zeta,1,3,0
Darwin Sucuzhañay,3,0,0
dieguzman1988,0,3,0
Dome Y Cami :3,3,3,0
edigab,3,1,0
EPN_Dennis,0,3,0
EPN_Marlon,3,3,0
epva,3,0,0
Ériko,3,0,0
Esteban Bajaña,3,3,0
Fabrizzio Valdivia,2,3,0
Felipe Del Busto,0,3,0
francisco_venes,2,3,0
Greeys,3,0,0
Hernan_elejalde,0,3,0
Ian Beyer,3,0,0
Jeff PH,3,0,0
juandave,3,2,0
KarenVL,3,1,0
Mauricio Aviles,3,0,0
methowmade,0,3,0
OscarDiago,3,1,0
sherylu,3,1,0
steven universe,3,1,0
Vinicio Geovanny,3,0,0
Alejo Sanchez 2909,2,0,0
Alex Berzosa,2,0,0
alexandraCabrera,0,2,0
andreszamast,1,2,0
androblue90,2,0,0
Antonio Oramas,2,0,0
Arantxa Ortiz,2,0,0
Aza Cristian,0,2,0
Borcar11,2,0,0
CARO30,2,1,0
centrinav,2,0,0
choess,1,2,0
Christian John López Quimi,2,0,0
ColinReilly,0,2,0
cookry,2,0,0
Daniel Silva Ramos,2,0,1
DanielOchoaDonoso,2,0,0
Diego F Coral,2,0,0
DiegoJMA,1,2,0
dmgroom_ct,2,0,0
ecarpioj,2,0,0
EPN_jeffersoinpm,2,0,0
EPNMontserrat,0,2,0
Felipe Valle,0,2,0
Fernando Vilariño,0,2,0
jbone,1,2,0
JRCO,2,0,0
leslydaniela,2,0,0
locofabro,2,0,0
Manuel Bardales,2,2,0
Mario LoFruscio,2,0,0
Michael Méndez,2,0,0
Milton Muñoz,2,0,0
mojodna,0,2,0
natherr,2,0,0
ninip,0,2,0
Pame Rugel,0,2,0
pardo163,1,2,0
Rodarturoh,2,0,0
Sakums,2,2,0
Stan_G,2,0,0
superducky94,0,2,0
vitoac22,2,0,0
XAd_Anita,1,2,0
AB77,0,1,0
Alex Santiago Gs,1,0,0
Alex252627,1,1,0
Andres Reyes Cortez,1,0,0
anthapafe,1,1,0
antomora,1,0,0
AQ151362,1,0,0
ariss chavez :),0,1,0
Brendan Janda,1,0,0
Bryan Arce,1,0,0
Camilo Leon Reyes,1,0,0
Carlos Guamanquispe,1,0,0
CaroVillamil,0,1,0
casm37,1,0,0
Chri Stian,1,0,0
Christian Montano,0,1,0
claudiaii,1,0,0
cnaranjo315,0,1,0
Costa del Sol guest house,1,0,0
Cristhian Lajones Nazareno,1,0,0
Cristian Vivanco González,1,0,0
Dadivoso69,1,0,0
Daniela Orellana,0,1,0
danielaguerron,0,1,0
danielMartinezUCE,0,1,0
DARIOVERA,1,0,0
darthmiguel,0,1,0
Diego Bustos,1,0,0
Diego Molina Mesias,1,0,0
Dof,0,1,0
Edison Salinas,1,0,0
Edison Villamar,1,0,0
Elvis Andrés Lindao Doyleth,1,0,0
EPN KATHERINE QUINATOA,0,1,0
Esfera Radio Activa Sigsig,1,0,0
espinozahg,0,0,1
Fabricio18Ramirez,0,1,0
Fernando Velasteguí,1,0,1
Francisco Malca,1,0,0
Fred Flores,1,0,0
Freddy Gustavo Contreras Calderón,1,0,0
Gabriel Villa Flores,1,0,0
geociencio,0,1,0
Geovanny Aguirre,1,0,0
GONZALO VILLACRES,1,0,0
Guillermo Sandoval,1,0,0
Henry Mauricio,1,0,0
Hotel Residencial Gran Plaza,1,0,0
Igor Vladyka,1,0,0
iPoolerazo caicedo,1,0,0
Irina Y,1,0,0
israel naranjo,1,0,0
James Bermeo,1,0,0
Javier Urgiles Ortiz,1,0,0
jes E,1,1,0
Jhefferson Geovanny Toscano,1,0,0
Jim Astudillo S,1,0,0
jimmybersoza,1,0,0
John Madrigal,1,0,0
Jonathan Conlago,0,1,0
Jorge Andres 69,1,0,0
JorgeLuisC,1,0,0
Jorimor,0,1,0
José Luis Córdova,1,0,0
Jose Ruiz,1,0,0
Jose Viteri,1,0,0
jptolosa,1,0,0
Juan Argente,0,1,0
JUAN DOMINGUEZ,1,1,0
juanurgilesc,0,1,0
Justjorg3,1,0,0
Lenin Muñoz Toala,1,0,0
Luis Lucero,1,0,0
Maria Zambrano,1,0,0
Mario Esteban Andrade,1,0,0
Methi,1,0,0
mhsMapper,0,1,0
mitruc,0,1,0
Mybeloveds,1,0,0
PabloSan,1,0,0
paupau87,1,0,0
Pedro24,0,1,0
Richard1205,1,0,0
RICHARDOPMELEC,1,0,0
RosiUVM,0,1,0
Smurcho,0,1,0
solarempire,0,1,0
Stephy Andrade V,1,0,0
Steven Armijos,1,0,0
thuggerthugger55,1,0,0
tipofmybrain,1,0,0
TitoPV,1,1,0
Velasquez Genner,1,0,0
Walter Valverde,1,1,0
Wendyotavalo,1,0,0
wets,1,0,0
Xavico_Espinoza,1,0,0
xavier aguayo,1,0,0
Xavier Quintuna,1,0,0
